Plot,Range,Row,Pass,Rep,Pedigree,id_image,Camera_Area_mm2,Digital_Area_mm2,SKCS_Kernel_dia_mm,Kernel_weight_mg
2005,2,6,2,1,SC964,2005-SC964,9.947,11.69267183,NA,NA
3005,3,6,2,1,BTx635_DW2,3005-BTx635_DW2,8.23,13.60179088,2.971433789,22.57358718
4005,4,6,2,1,SN72_PINK_KAFIR,4005-SN72_PINK_KAFIR,7.954,11.01772617,2.522670174,20.61651287
5005,5,6,2,1,SC35_14E,5005-SC35_14E,11.55,8.219971017,2.988912582,35.7950467
6005,6,6,2,1,BTx623,6005-BTx623,10.399,14.27044358,2.700462023,29.68645011
7005,7,6,2,1,SC328,7005-SC328,11.997,12.65531802,2.388609576,28.32529507
2009,2,10,3,1,RTx430BL,2009-RTx430BL,12.038,7.009835018,3.050453782,34.3608552
3009,3,10,3,1,M10P0052_BTx623,3009-M10P0052_BTx623,9.754,12.38435833,2.614284801,25.03860474
4009,4,10,3,1,BTx615,4009-BTx615,9.003,9.142504088,2.710911423,26.84628475
5009,5,10,3,1,R9188,5009-R9188,8.013,12.31579009,2.225625539,18.52498264
6009,6,10,3,1,B10001,6009-B10001,10.09,13.1462036,2.638198185,25.57642784
7009,7,10,3,1,1790E_SC56_SC33,7009-1790E_SC56_SC33,9.699,12.302837,2.606729317,22.52876921
2013,2,14,4,1,Tx7000,2013-Tx7000,11.847,16.76663567,3.066631847,32.4884368
3013,3,14,4,1,SC56,3013-SC56,11.68,8.828318838,2.725493836,30.89488983
4013,4,14,4,1,R11018,4013-R11018,11.629,15.20804164,2.702164936,27.6081996
5013,5,14,4,1,RTx2536,5013-RTx2536,10.42,9.832375,2.980272025,31.5522275
6013,6,14,4,1,SC1154-14E,6013-SC1154-14E,11.355,10.42848409,2.683826971,27.84723186
7013,7,14,4,1,Tx2882,7013-Tx2882,11.533,12.33085873,2.907302962,32.7540279
2017,2,18,5,1,RLBK1,2017-RLBK1,10.234,8.325975546,2.603186584,22.70804253
3017,3,18,5,1,KS19,3017-KS19,9.548,11.20796162,2.432795525,22.58852673
4017,4,18,5,1,BTx2752,4017-BTx2752,9.865,15.04491312,2.758000241,27.76755375
5017,5,18,5,1,BTx623_DW1,5017BTx623_DW1,11.284,11.46997727,2.579142022,26.95086079
6017,6,18,5,1,P898012,6017-P898012,8.554,13.5432832,2.373756064,22.19013998
7017,7,18,5,1,BTx642,7017BTx642,10.936,11.17454624,2.703117919,27.96674709
2021,2,22,6,1,SC326-6,2021-SC326-6,10.059,14.68616624,2.493730521,23.90320263
3021,3,22,6,1,SC348,3021-SC348,13.223,11.90361473,3.082474589,38.20030594
4021,4,22,6,1,6085-9_Stg4NIL,4021-6085-9_Stg4NIL,11.734,10.61291786,2.973203444,31.19367981
5021,5,22,6,1,96CD635,5021-96CD635,10.186,17.39706245,2.476447158,25.24443775
6021,6,22,6,1,B4R_BTx406_RIO,6021-B4R_BTx406_RIO,8.121,11.62021251,2.498774793,21.45976384
7021,7,22,6,1,Macia,7021-Macia,11.109,22.00120791,2.569808817,27.18989334
2025,2,26,7,1,RTx430,2025-RTx430,12.162,9.364414512,2.877271944,28.95607461
3025,3,26,7,1,2219-3_Stg2NIL,3025-2219-3_Stg2NIL,10.888,12.63087528,2.923034615,29.15526835
4025,4,26,7,1,RTx436,4025-RTx436,9.006,11.8718109,2.45962224,24.14223499
5025,5,26,7,1,BTx642_Tx7000NILStg1,5025-BTx642_Tx7000NILStg1,12.719,13.14926592,3.03821018,37.72058254
6025,6,26,7,1,2290-19_Stg3NIL,6025-2290-19_Stg3NIL,12.048,8.975702657,2.98,32.74
7025,7,26,7,1,SC283,7025-SC283,7.801,7.359897683,2.272095728,18.10667572
2029,2,30,8,2,RTx436,2029-RTx436,11.094,12.16450874,3.217075276,33.64375839
3029,3,30,8,2,KS19,3029-KS19,10.87,10.62304285,2.775132513,29.34118176
4029,4,30,8,2,2290-19_Stg3NIL,4029-2290-19_Stg3NIL,12.237,16.18667981,3.316866027,33.79647361
5029,5,30,8,2,RLBK1,5029-RLBK1,9.669,10.37460609,2.742972076,22.33455491
6029,6,30,8,2,SN72_PINK_KAFIR,6029-SN72_PINK_KAFIR,8.542,7.728252645,2.511520823,20.91530206
7029,7,30,8,2,SC964,7029-SC964,10.44818182,7.038632067,2.410843091,21.62153339
2033,2,34,9,2,R11018,2033-R11018,13.148,10.71040306,2.99,39.17
3033,3,34,9,2,P898012,3033-P898012,8.845,8.25262993,2.321842114,19.58734671
4033,4,34,9,2,SC56,4033-SC56,12.896,11.57963057,3.182231744,39.24109226
5033,5,34,9,2,SC1154-14E,5033-SC1154-14E,11.893,9.771417857,2.611476469,28.08626375
6033,6,34,9,2,SC328,6033-SC328,10.942,12.77918835,2.733223544,27.82067214
7033,7,34,9,2,M10P0052_BTx623,7033-M10P0052_BTx623,11.11,8.551903812,2.758687997,25.27763748
2037,2,38,10,2,2219-3_Stg2NIL,2037-2219-3_Stg2NIL,11.027,11.15483033,3.222471982,37.87163734
3037,3,38,10,2,RTx430,3037-RTx430,13.618,12.45569957,3.218287885,40.57568693
4037,4,38,10,2,Macia,4037-Macia,11.096,10.43839738,2.871728182,28.38505363
5037,5,38,10,2,Tx7000,5037-Tx7000,12.511,11.97049078,3.058188844,30.17779427
6037,6,38,10,2,SC348,6037-SC348,13.41,16.45433416,3.169850707,35.73528843
7037,7,38,10,2,Tx2882,7037-Tx2882,11.791,9.422618866,2.945486474,32.68762989
2041,2,42,11,2,RTx430BL,2041-RTx430BL,14.552,13.14379632,3.304040122,43.38431282
3041,3,42,11,2,B4R_BTx406_Rio,3041-B4R_BTx406_Rio,10.589,11.60309604,2.858076262,29.58021393
4041,4,42,11,2,R9188,4041-R9188,8.694,NA,2.17595613,19.78654035
5041,5,42,11,2,BTx623,5041-BTx623,11.139,11.76701938,2.993816001,26.29352352
6041,6,42,11,2,RTx2536,6041-RTx2536,11.317,11.1304283,2.732884288,30.05827789
7041,7,42,11,2,BTx642,7041-BTx642,10.971,10.91930735,2.48091348,26.69191011
2045,2,46,12,2,SC35_14E,2045-SC35_14E,12.13,15.42293203,3.139441204,34.00230694
3045,3,46,12,2,SC283,3045-SC283,6.897,7.875014944,2.270196748,16.37369432
4045,4,46,12,2,BTx615,4045-BTx615,10.646,11.62105563,3.000566112,30.01179949
5045,5,46,12,2,6085-9_Stg4NIL,5045-6085-9_Stg4NIL,10.723,12.35101607,2.637222568,26.55911414
6045,6,46,12,2,BTx623_DW1,6045-BTx623_DW1,9.373,12.79133281,2.251969655,18.25939125
7045,7,46,12,2,BTx635_DW2,7045-BTx635_DW2,9.196,9.05658797,2.688131285,24.50078278
2049,2,50,13,2,BTx642_Tx7000NILStg1,2049-BTx642_Tx7000,13.447,13.11873755,3.27756505,38.90246277
3049,3,50,13,2,BTx2752,3049-BTx2752,9.845,8.906663523,2.630936337,24.73981533
4049,4,50,13,2,B10001,4049-B10001,10.905,10.95504279,2.737511529,32.13652844
5049,5,50,13,2,96CD635,5049-96CD635,12.875,12.53161128,3.039963616,36.05399789
6049,6,50,13,2,SC326-6,6049-SC326-6,8.444,11.59925124,2.124044681,17.74812822
7049,7,50,13,2,1790E_SC56_SC33,7049-1790E_SC56_SC33,11.121,11.05603952,2.783785486,27.36916752
2053,2,54,14,3,BTx623,2053-BTx623,11.54,12.70549919,2.564648496,28.68384382
3053,3,54,14,3,SC964,3053-SC964,10.65,11.69014846,2.465321875,23.90320301
4053,4,54,14,3,SC35_14E,4053-SC35-14E,11.296,13.10458009,2.547426152,27.30940933
5053,5,54,14,3,96CD635,5053-96CD635,12.319,11.97478181,3.161553038,35.85480478
6053,6,54,14,3,SC1154-14E,6053-SC1154-14E,12.064,13.34798284,2.844798589,28.62408562
7053,7,54,14,3,RLBK1,7053-RLBK1,10.961,12.79735863,2.693147254,25.57642708
2057,2,58,15,3,Macia,2057-Macia,10.521,14.28396406,2.536220047,27.62811852
3057,3,58,15,3,1790E_SC56_SC33,3057-1790E_SC56_SC33,11.883,11.43868945,2.61943897,30.11803579
4057,4,58,15,3,SC326-6,4057-SC326-6,9.599,9.387144501,2.597951865,22.88731651
5057,5,58,15,3,Tx2882,5057-Tx2882,10.957,16.86908945,2.852344394,30.192734
6057,6,58,15,3,BTx642,6057-BTx642,11.356,10.18983949,3.004247904,31.54558775
7057,7,58,15,3,SC348,7057-SC348,13.822,18.90194374,3.470536431,42.66721725
2061,2,62,16,3,SC283,2061-SC283,11.798,8.634658089,2.902296901,31.97053318
3061,3,62,16,3,RTx2536,3061-RTx2536,11.161,13.30298385,2.597530312,28.15930155
4061,4,62,16,3,KS19,4061-KS19,10.417,13.79226544,2.716809511,26.36656041
5061,5,62,16,3,BTx623_DW1,5061-BTx623,10.559,11.85942195,2.622746097,26.62551244
6061,6,62,16,3,R11018,6061-R11018,12.862,11.38281478,2.978175688,35.01819267
7061,7,62,16,3,2219-3_Stg2NIL,7061-2219-3,11.228,10.86132275,2.820719051,29.40093975
2065,2,66,17,3,SC56,2065-SC56,12.622,14.00711812,3.092948649,36.71797604
3065,3,66,17,3,RTx430,3065-RTx430,13.485,13.34959444,3.018122458,34.30109615
4065,4,66,17,3,M10P0052_BTx623,4065-M10P0052_BTx623,10.455,15.01332219,2.685562849,27.18989372
5065,5,66,17,3,P898012,5065-P898012,9.191,11.99362883,2.53755331,20.24302483
6065,6,66,17,3,RTx430BL,6065-RTx430BL,13.003,11.43868945,3.112317774,35.85480436
7065,7,66,17,3,SN72_PINK_KAFIR,7065-SN72_PINK_KAFIR,9.038,9.194069502,2.654018432,23.08153021
2069,2,70,18,3,6085-9_Stg4NIL,2069-6085-9_Stg4NIL,11.99,11.54658214,2.80478051,33.53088231
3069,3,70,18,3,BTx2752,3069-BTx2752,10.59,11.7307423,2.762752008,26.23376522
4069,4,70,18,3,Tx7000,4069-Tx7000,12.128,10.84874257,2.936170499,32.40211974
5069,5,70,18,3,RTx436,5069-RTx436,10.205,10.32185679,2.584804773,26.05449123
6069,6,70,18,3,R9188,6069-R9188,9.001,9.915558605,2.239385092,19.42135239
7069,7,70,18,3,2290-19_Stg3NIL,7069-2290-19,11.696,12.53769485,3.012687492,31.97053432
2073,2,74,19,3,SC328,2073-SC328,11.546,8.100931476,2.74888187,30.54298147
3073,3,74,19,3,BTx615,3073-BTx615,12.021,9.766540934,3.107643867,31.1339222
4073,4,74,19,3,BTx642_Tx7000NILStg1,4073-BTx642_Tx7000,12.775,13.17118589,2.949939132,35.0580314
5073,5,74,19,3,B4R_BTx406_Rio,5073-B4R_BTx406_Rio,9.317,11.83132842,2.723855575,24.03599866
6073,6,74,19,3,B10001,6073-B10001,9.89,14.0889152,2.558394122,23.60441303
7073,7,74,19,3,BTx635_DW2,7073-BTx635_DW2,9.791,9.192198044,2.915840316,26.2935236
