id,Plot,Pedigree,Rep,Image_Plot,Image,Image_id,Rep,Length,Width,Area_Pixel,Area_mm2,pixels_per_mm
2005-SC964,2005,SC964,1,2005,2005_1,2005_2005_1,1,622,303,188466,1250,12.44
2009-RTx430BL,2009,RTx430BL,1,2009,2009_1,2009_2009_1,1,867,424,367608,1250,17.34
2013-Tx7000,2013,Tx7000,1,2013,2013_1,2013_2013_1,1,778,380,295640,1250,15.56
2017-RLBK1,2017,RLBK1,1,2017,2017_1,2017_2017_1,1,930,461,428730,1250,18.6
2021-SC326-6,2021,SC326-6,1,2021,2021_1,2021_2021_1,1,794,400,317600,1250,15.88
2025-RTx430,2025,RTx430,1,2025,2025_1,2025_2025_1,1,847,427,361669,1250,16.94
3005-BTx635_DW2,3005,BTx635_DW2,1,3005,3005_1,3005_3005_1,1,835,420,350700,1250,16.7
3009-M10P0052_BTx623,3009,M10P0052_BTx623,1,3009,3009_1,3009_3009_1,1,778,370,287860,1250,15.56
3013-SC56,3013,SC56,1,3013,3013_1,3013_3013_1,1,837,409,342333,1250,16.74
3017-KS19,3017,KS19,1,3017,3017_1,3017_3017_1,1,824,411,338664,1250,16.48
3021-SC348,3021,SC348,1,3021,3021_1,3021_3021_1,1,747,371,277137,1250,14.94
3025-2219-3_Stg2NIL,3025,2219-3_Stg2NIL,1,3025,3025_1,3025_3025_1,1,776,389,301864,1250,15.52
4005-SN72_PINK_KAFIR,4005,SN72_PINK_KAFIR,1,4005,4005_1,4005_4005_1,1,784,379,297136,1250,15.68
4009-BTx615,4009,BTx615,1,4009,4009_1,4009_4009_1,1,777,361,280497,1250,15.54
4013-R11018,4013,R11018,1,4013,4013_1,4013_4013_1,1,662,324,214488,1250,13.24
4017-BTx2752,4017,BTx2752,1,4017,4017_1,4017_4017_1,1,698,349,243602,1250,13.96
4021-6085-9_Stg4NIL,4021,6085-9_Stg4NIL,1,4021,4021_1,4021_4021_1,1,700,330,231000,1250,14
4025-RTx436,4025,RTx436,1,4025,4025_1,4025_4025_1,1,696,356,247776,1250,13.92
5005-SC35_14E,5005,SC35_14E,1,5005,5005_1,5005_5005_1,1,732,357,261324,1250,14.64
5009-R9188,5009,R9188,1,5009,5009_1,5009_5009_1,1,672,335,225120,1250,13.44
5013-RTx2536,5013,RTx2536,1,5013,5013_1,5013_5013_1,1,660,321,211860,1250,13.2
5017BTx623_DW1,5017,BTx623_DW1,1,5017,5017_1,5017_5017_1,1,660,332,219120,1250,13.2
5021-96CD635,5021,96CD635,1,5021,5021_1,5021_5021_1,1,589,298,175522,1250,11.78
5025-BTx642_Tx7000NILStg1,5025,BTx642_Tx7000NILStg1,1,5025,5025_1,5025_5025_1,1,601,300,180300,1250,12.02
6005-BTx623,6005,BTx623,1,6005,6005_1,6005_6005_1,1,626,303,189678,1250,12.52
6009-B10001,6009,B10001,1,6009,6009_1,6009_6009_1,1,570,292,166440,1250,11.4
6013-SC1154-14E,6013,SC1154-14E,1,6013,6013_1,6013_6013_1,1,652,308,200816,1250,13.04
6017-P898012,6017,P898012,1,6017,6017_1,6017_6017_1,1,698,348,242904,1250,13.96
6021-B4R_BTx406_RIO,6021,B4R_BTx406_RIO,1,6021,6021_1,6021_6021_1,1,745,374,278630,1250,14.9
6025-2290-19_Stg3NIL,6025,2290-19_Stg3NIL,1,6025,6025_1,6025_6025_1,1,732,346,253272,1250,14.64
7005-SC328,7005,SC328,1,7005,7005_1,7005_7005_1,1,680,342,232560,1250,13.6
7009-1790E_SC56_SC33,7009,1790E_SC56_SC33,1,7009,7009_1,7009_7009_1,1,819,398,325962,1250,16.38
7013-Tx2882,7013,Tx2882,1,7013,7013_1,7013_7013_1,1,697,324,225828,1250,13.94
7017BTx642,7017,BTx642,1,7017,7017_1,7017_7017_1,1,757,363,274791,1250,15.14
7021-Macia,7021,Macia,1,7021,7021_1,7021_7021_1,1,599,304,182096,1250,11.98
7025-SC283,7025,SC283,1,7025,7025_1,7025_7025_1,1,780,387,301860,1250,15.6
2029-RTx436,2029,RTx436,2,4025,4025_2,4025_4025_2,2,668,324,216432,1250,13.36
2033-R11018,2033,R11018,2,4013,4013_2,4013_4013_2,2,747,372,277884,1250,14.94
2037-2219-3_Stg2NIL,2037,2219-3_Stg2NIL,2,3025,3025_2,3025_3025_2,2,766,382,292612,1250,15.32
2041-RTx430BL,2041,RTx430BL,2,2009,2009_2,2009_2009_2,2,865,416,359840,1250,17.3
2045-SC35_14E,2045,SC35_14E,2,5005,5005_2,5005_5005_2,2,645,327,210915,1250,12.9
2049-BTx642_Tx7000,2049,BTx642_Tx7000NILStg1,2,5025,5025_2,5025_5025_2,2,654,336,219744,1250,13.08
3029-KS19,3029,KS19,2,3017,3017_2,3017_3017_2,2,802,412,330424,1250,16.04
3033-P898012,3033,P898012,2,6017,6017_2,6017_6017_2,2,798,393,313614,1250,15.96
3037-RTx430,3037,RTx430,2,2025,2025_2,2025_2025_2,2,880,435,382800,1250,17.6
3041-B4R_BTx406_Rio,3041,B4R_BTx406_Rio,2,6021,6021_2,6021_6021_2,2,726,358,259908,1250,14.52
3045-SC283,3045,SC283,2,7025,7025_2,7025_7025_2,2,817,404,330068,1250,16.34
3049-BTx2752,3049,BTx2752,2,4017,4017_2,4017_4017_2,2,757,380,287660,1250,15.14
4029-2290-19_Stg3NIL,4029,2290-19_Stg3NIL,2,6025,6025_2,6025_6025_2,2,648,322,208656,1250,12.96
4033-SC56,4033,SC56,2,3013,3013_2,3013_3013_2,2,854,416,355264,1250,17.08
4037-Macia,4037,Macia,2,7021,7021_2,7021_7021_2,2,664,329,218456,1250,13.28
4045-BTx615,4045,BTx615,2,4009,4009_2,4009_4009_2,2,773,375,289875,1250,15.46
4049-B10001,4049,B10001,2,6009,6009_2,6009_6009_2,2,620,314,194680,1250,12.4
5029-RLBK1,5029,RLBK1,2,2017,2017_2,2017_2017_2,2,952,478,455056,1250,19.04
5033-SC1154-14E,5033,SC1154-14E,2,6013,6013_2,6013_6013_2,2,700,343,240100,1250,14
5037-Tx7000,5037,Tx7000,2,2013,2013_2,2013_2013_2,2,762,373,284226,1250,15.24
5041-BTx623,5041,BTx623,2,6005,6005_2,6005_6005_2,2,632,310,195920,1250,12.64
5045-6085-9_Stg4NIL,5045,6085-9_Stg4NIL,2,4021,4021_2,4021_4021_2,2,700,330,231000,1250,14
5049-96CD635,5049,96CD635,2,5021,5021_2,5021_5021_2,2,608,309,187872,1250,12.16
6029-SN72_PINK_KAFIR,6029,SN72_PINK_KAFIR,2,4005,4005_2,4005_4005_2,2,833,396,329868,1250,16.66
6033-SC328,6033,SC328,2,7005,7005_2,7005_7005_2,2,682,336,229152,1250,13.64
6037-SC348,6037,SC348,2,3021,3021_2,3021_3021_2,2,769,388,298372,1250,15.38
6041-RTx2536,6041,RTx2536,2,5013,5013_2,5013_5013_2,2,655,330,216150,1250,13.1
6045-BTx623_DW1,6045,BTx623_DW1,2,5017,5017_2,5017_5017_2,2,665,337,224105,1250,13.3
6049-SC326-6,6049,SC326-6,2,2021,2021_2,2021_2021_2,2,751,380,285380,1250,15.02
7029-SC964,7029,SC964,2,2005,2005_2,2005_2005_2,2,799,398,318002,1250,15.98
7033-M10P0052_BTx623,7033,M10P0052_BTx623,2,3009,3009_2,3009_3009_2,2,891,419,373329,1250,17.82
7037-Tx2882,7037,Tx2882,2,7013,7013_2,7013_7013_2,2,768,367,281856,1250,15.36
7041-BTx642,7041,BTx642,2,7017,7017_2,7017_7017_2,2,734,357,262038,1250,14.68
7045-BTx635_DW2,7045,BTx635_DW2,2,3005,3005_2,3005_3005_2,2,876,436,381936,1250,17.52
7049-1790E_SC56_SC33,7049,1790E_SC56_SC33,2,7009,7009_2,7009_7009_2,2,788,390,307320,1250,15.76
2053-BTx623,2053,BTx623,3,6005,6005_3,6005_6005_3,3,616,325,200200,1250,12.32
2057-Macia,2057,Macia,3,7021,7021_3,7021_7021_3,3,585,296,173160,1250,11.7
2061-SC283,2061,SC283,3,7025,7025_3,7025_7025_3,3,836,417,348612,1250,16.72
2065-SC56,2065,SC56,3,3013,3013_3,3013_3013_3,3,800,388,310400,1250,16
2069-6085-9_Stg4NIL,2069,6085-9_Stg4NIL,3,4021,4021_3,4021_4021_3,3,700,330,231000,1250,14
2073-SC328,2073,SC328,3,7005,7005_3,7005_7005_3,3,817,419,342323,1250,16.34
3053-SC964,3053,SC964,3,2005,2005_3,2005_2005_3,3,763,371,283073,1250,15.26
3057-1790E_SC56_SC33,3057,1790E_SC56_SC33,3,7009,7009_3,7009_7009_3,3,776,374,290224,1250,15.52
3061-RTx2536,3061,RTx2536,3,5013,5013_3,5013_5013_3,3,614,309,189726,1250,12.28
3065-RTx430,3065,RTx430,3,2025,2025_3,2025_2025_3,3,879,423,371817,1250,17.58
3069-BTx2752,3069,BTx2752,3,4017,4017_3,4017_4017_3,3,714,360,257040,1250,14.28
3073-BTx615,3073,BTx615,3,4009,4009_3,4009_4009_3,3,794,402,319188,1250,15.88
4053-SC35-14E,4053,SC35_14E,3,5005,5005_3,5005_5005_3,3,670,330,221100,1250,13.4
4057-SC326-6,4057,SC326-6,3,2021,2021_3,2021_2021_3,3,804,409,328836,1250,16.08
4061-KS19,4061,KS19,3,3017,3017_3,3017_3017_3,3,751,380,285380,1250,15.02
4065-M10P0052_BTx623,4065,M10P0052_BTx623,3,3009,3009_3,3009_3009_3,3,753,380,286140,1250,15.06
4069-Tx7000,4069,Tx7000,3,2013,2013_3,2013_2013_3,3,777,392,304584,1250,15.54
4073-BTx642_Tx7000,4073,BTx642_Tx7000NILStg1,3,5025,5025_3,5025_5025_3,3,656,318,208608,1250,13.12
5053-96CD635,5053,96CD635,3,5021,5021_3,5021_5021_3,3,598,301,179998,1250,11.96
5057-Tx2882,5057,Tx2882,3,7013,7013_3,7013_7013_3,3,691,340,234940,1250,13.82
5061-BTx623,5061,BTx623_DW1,3,5017,5017_3,5017_5017_3,3,671,338,226798,1250,13.42
5065-P898012,5065,P898012,3,6017,6017_3,6017_6017_3,3,740,369,273060,1250,14.8
5069-RTx436,5069,RTx436,3,4025,4025_3,4025_4025_3,3,672,325,218400,1250,13.44
5073-B4R_BTx406_Rio,5073,B4R_BTx406_Rio,3,6021,6021_3,6021_6021_3,3,674,320,215680,1250,13.48
6053-SC1154-14E,6053,SC1154-14E,3,6013,6013_3,6013_6013_3,3,710,348,247080,1250,14.2
6057-BTx642,6057,BTx642,3,7017,7017_3,7017_7017_3,3,797,385,306845,1250,15.94
6061-R11018,6061,R11018,3,4013,4013_3,4013_4013_3,3,757,364,275548,1250,15.14
6065-RTx430BL,6065,RTx430BL,3,7009,7009_3,7009_7009_3,3,872,424,369728,1250,17.44
6069-R9188,6069,R9188,3,5009,5009_3,5009_5009_3,3,652,332,216464,1250,13.04
6073-B10001,6073,B10001,3,6009,6009_3,6009_6009_3,3,589,298,175522,1250,11.78
7053-RLBK1,7053,RLBK1,3,2017,2017_3,2017_2017_3,3,917,464,425488,1250,18.34
7057-SC348,7057,SC348,3,3021,3021_3,3021_3021_3,3,695,354,246030,1250,13.9
7061-2219-3,7061,2219-3_Stg2NIL,3,3025,3025_3,3025_3025_3,3,789,404,318756,1250,15.78
7065-SN72_PINK_KAFIR,7065,SN72_PINK_KAFIR,3,4005,4005_3,4005_4005_3,3,810,388,314280,1250,16.2
7069-2290-19,7069,2290-19_Stg3NIL,3,6025,6025_3,6025_6025_3,3,680,328,223040,1250,13.6
7073-BTx635_DW2,7073,BTx635_DW2,3,3005,3005_3,3005_3005_3,3,891,419,373329,1250,17.82
