id,image_name,Seed_Count
2005-SC964,5. P2-WOF-Fr.jpg,1436
2005-SC964,7. P2-WOF-Ba.jpg,1436
2009-RTx430BL,5. P2-WOF-Fr.jpg,869
2009-RTx430BL,7. P2-WOF-Ba.jpg,869
2013-Tx7000,5. P2-WOF-Fr.jpg,2613
2013-Tx7000,7. P2-WOF-Ba.jpg,2613
2017-RLBK1,5. P2-WOF-Fr.jpg,641
2017-RLBK1,7. P2-WOF-Ba.jpg,641
2021-SC326-6,5. P2-WOF-Fr.jpg,3462
2021-SC326-6,7. P2-WOF-Ba.jpg,3462
2025-RTx430,5. P2-WOF-Fr.jpg,1030
2025-RTx430,7. P2-WOF-Ba.jpg,1030
2029-RTx436,5. P2-WOF-Fr.jpg,2346
2029-RTx436,7. P2-WOF-Ba.jpg,2346
2033-R11018,5. P2-WOF-Fr.jpg,1045
2033-R11018,7. P2-WOF-Ba.jpg,1045
2037-2219-3_Stg2NIL,5. P2-WOF-Fr.jpg,1996
2037-2219-3_Stg2NIL,7. P2-WOF-Ba.jpg,1996
2041-RTx430BL,5. P2-WOF-Fr.jpg,1419
2041-RTx430BL,7. P2-WOF-Ba.jpg,1419
2045-SC35-14E,5. P2-WOF-Fr.jpg,465
2045-SC35-14E,7. P2-WOF-Ba.jpg,465
2049-BTx642_Tx7000,5. P2-WOF-Fr.jpg,1316
2049-BTx642_Tx7000,7. P2-WOF-Ba.jpg,1316
2053-BTx623,5. P2-WOF-Fr.jpg,1185
2053-BTx623,7. P2-WOF-Ba.jpg,1185
2057-Macia,5. P2-WOF-Fr.jpg,1606
2057-Macia,7. P2-WOF-Ba.jpg,1606
2061-SC283,5. P2-WOF-Fr.jpg,416
2061-SC283,7. P2-WOF-Ba.jpg,416
2065-SC56,5. P2-WOF-Fr.jpg,740
2065-SC56,7. P2-WOF-Ba.jpg,740
2069-6085-9,5. P2-WOF-Fr.jpg,1611
2069-6085-9,7. P2-WOF-Ba.jpg,1611
2073-SC328,5. P2-WOF-Fr.jpg,1864
2073-SC328,7. P2-WOF-Ba.jpg,1864
3005-BTx635_DW2,5. P2-WOF-Fr.jpg,1710
3005-BTx635_DW2,7. P2-WOF-Ba.jpg,1710
3009-M10P0052_BTx623,5. P2-WOF-Fr.jpg,1282
3009-M10P0052_BTx623,7. P2-WOF-Ba.jpg,1282
3013-SC56,5. P2-WOF-Fr.jpg,1162
3013-SC56,7. P2-WOF-Ba.jpg,1162
3017-KS19,5. P2-WOF-Fr.jpg,2053
3017-KS19,7. P2-WOF-Ba.jpg,2053
3021-SC328,5. P2-WOF-Fr.jpg,1681
3021-SC328,7. P2-WOF-Ba.jpg,1681
3025-2219-3_Stg2NIL,5. P2-WOF-Fr.jpg,2270
3025-2219-3_Stg2NIL,7. P2-WOF-Ba.jpg,2270
3029-KS19,5. P2-WOF-Fr.jpg,1118
3029-KS19,7. P2-WOF-Ba.jpg,1118
3033-P898012,5. P2-WOF-Fr.jpg,1001
3033-P898012,7. P2-WOF-Ba.jpg,1001
3037-RTx430,5. P2-WOF-Fr.jpg,1392
3037-RTx430,7. P2-WOF-Ba.jpg,1392
3041-B4R_BTx406_Rio,5. P2-WOF-Fr.jpg,1705
3041-B4R_BTx406_Rio,7. P2-WOF-Ba.jpg,1705
3045-SC283,5. P2-WOF-Fr.jpg,1000
3045-SC283,7. P2-WOF-Ba.jpg,1000
3049-BTx2752,5. P2-WOF-Fr.jpg,1743
3049-BTx2752,7. P2-WOF-Ba.jpg,1743
3053-SC964,5. P2-WOF-Fr.jpg,813
3053-SC964,7. P2-WOF-Ba.jpg,813
3057-1790E_SC56_SC33,5. P2-WOF-Fr.jpg,567
3057-1790E_SC56_SC33,7. P2-WOF-Ba.jpg,567
3061-RTx2536,5. P2-WOF-Fr.jpg,1917
3061-RTx2536,7. P2-WOF-Ba.jpg,1917
3065-RTx430,5. P2-WOF-Fr.jpg,1090
3065-RTx430,7. P2-WOF-Ba.jpg,1090
3069-BTx2752,5. P2-WOF-Fr.jpg,2991
3069-BTx2752,7. P2-WOF-Ba.jpg,2991
3073-BTx615,5. P2-WOF-Fr.jpg,1700
3073-BTx615,7. P2-WOF-Ba.jpg,1700
4005-SN_72_PINK_KAFIR,5. P2-WOF-Fr.jpg,1418
4005-SN_72_PINK_KAFIR,7. P2-WOF-Ba.jpg,1418
4009-BTx615,5. P2-WOF-Fr.jpg,2056
4009-BTx615,7. P2-WOF-Ba.jpg,2056
4013-R11018,5. P2-WOF-Fr.jpg,1761
4013-R11018,7. P2-WOF-Ba.jpg,1761
4017-BTx2752,5. P2-WOF-Fr.jpg,2288
4017-BTx2752,7. P2-WOF-Ba.jpg,2288
4021-6085-9_STG4NIL,5. P2-WOF-Fr.jpg,1453
4021-6085-9_STG4NIL,7. P2-WOF-Ba.jpg,1453
4025-RTx436,5. P2-WOF-Fr.jpg,2513
4025-RTx436,7. P2-WOF-Ba.jpg,2513
4029-2290-19_Stg3NIL,5. P2-WOF-Fr.jpg,964
4029-2290-19_Stg3NIL,7. P2-WOF-Ba.jpg,964
4033-SC56,5. P2-WOF-Fr.jpg,711
4033-SC56,7. P2-WOF-Ba.jpg,711
4037-Macia,5. P2-WOF-Fr.jpg,1904
4037-Macia,7. P2-WOF-Ba.jpg,1904
4045-BTx615,5. P2-WOF-Fr.jpg,1113
4045-BTx615,7. P2-WOF-Ba.jpg,1113
4049-B10001,5. P2-WOF-Fr.jpg,1842
4049-B10001,7. P2-WOF-Ba.jpg,1842
4053-SC35-14E,5. P2-WOF-Fr.jpg,197
4053-SC35-14E,7. P2-WOF-Ba.jpg,197
4057-SC326-6,5. P2-WOF-Fr.jpg,2732
4057-SC326-6,7. P2-WOF-Ba.jpg,2732
4061-KS19,5. P2-WOF-Fr.jpg,1151
4061-KS19,7. P2-WOF-Ba.jpg,1151
4065-M10P0052_BTx623,5. P2-WOF-Fr.jpg,1260
4065-M10P0052_BTx623,7. P2-WOF-Ba.jpg,1260
4069-Tx7000,5. P2-WOF-Fr.jpg,1976
4069-Tx7000,7. P2-WOF-Ba.jpg,1976
4073-BTx642_Tx7000,5. P2-WOF-Fr.jpg,1269
4073-BTx642_Tx7000,7. P2-WOF-Ba.jpg,1269
5005-SC35_14E,5. P2-WOF-Fr.jpg,1258
5005-SC35_14E,7. P2-WOF-Ba.jpg,1258
5009-R9188,5. P2-WOF-Fr.jpg,1677
5009-R9188,7. P2-WOF-Ba.jpg,1677
5013-RTx2536,5. P2-WOF-Fr.jpg,1812
5013-RTx2536,7. P2-WOF-Ba.jpg,1812
5017BTx623_DW1,5. P2-WOF-Fr.jpg,812
5017BTx623_DW1,7. P2-WOF-Ba.jpg,812
5021-96CD635,5. P2-WOF-Fr.jpg,1395
5021-96CD635,7. P2-WOF-Ba.jpg,1395
5025-BTx642_Tx7000NILStg1,5. P2-WOF-Fr.jpg,1694
5025-BTx642_Tx7000NILStg1,7. P2-WOF-Ba.jpg,1694
5029-RLBF1,5. P2-WOF-Fr.jpg,973
5029-RLBF1,7. P2-WOF-Ba.jpg,973
5033-SC1154-14E,5. P2-WOF-Fr.jpg,597
5033-SC1154-14E,7. P2-WOF-Ba.jpg,597
5037-Tx7000,5. P2-WOF-Fr.jpg,1707
5037-Tx7000,7. P2-WOF-Ba.jpg,1707
5041-BTx623,5. P2-WOF-Fr.jpg,1275
5041-BTx623,7. P2-WOF-Ba.jpg,1275
5045-6085-9,5. P2-WOF-Fr.jpg,1070
5045-6085-9,7. P2-WOF-Ba.jpg,1070
5049-96CD635,5. P2-WOF-Fr.jpg,1798
5049-96CD635,7. P2-WOF-Ba.jpg,1798
5053-96CD635,5. P2-WOF-Fr.jpg,2138
5053-96CD635,7. P2-WOF-Ba.jpg,2138
5057-Tx2882,5. P2-WOF-Fr.jpg,855
5057-Tx2882,7. P2-WOF-Ba.jpg,855
5061-BTx623,5. P2-WOF-Fr.jpg,1173
5061-BTx623,7. P2-WOF-Ba.jpg,1173
5065-P898012,5. P2-WOF-Fr.jpg,NA
5065-P898012,7. P2-WOF-Ba.jpg,NA
5069-RTx436,5. P2-WOF-Fr.jpg,2466
5069-RTx436,7. P2-WOF-Ba.jpg,2466
5073-B4R_BTx406_Rio,5. P2-WOF-Fr.jpg,1614
5073-B4R_BTx406_Rio,7. P2-WOF-Ba.jpg,1614
6005-BTx623,5. P2-WOF-Fr.jpg,2120
6005-BTx623,7. P2-WOF-Ba.jpg,2120
6009-B10001,5. P2-WOF-Fr.jpg,2241
6009-B10001,7. P2-WOF-Ba.jpg,2241
6013-SC1154-14E,5. P2-WOF-Fr.jpg,1010
6013-SC1154-14E,7. P2-WOF-Ba.jpg,1010
6017-P898012,5. P2-WOF-Fr.jpg,1000
6017-P898012,7. P2-WOF-Ba.jpg,1000
6021-B4R_BTx406_RIO,5. P2-WOF-Fr.jpg,1927
6021-B4R_BTx406_RIO,7. P2-WOF-Ba.jpg,1927
6025-2290-19_Stg3NIL,5. P2-WOF-Fr.jpg,1930
6025-2290-19_Stg3NIL,7. P2-WOF-Ba.jpg,1930
6029-SN72_PinkKafir,5. P2-WOF-Fr.jpg,1648
6029-SN72_PinkKafir,7. P2-WOF-Ba.jpg,1648
6033-SC328,5. P2-WOF-Fr.jpg,896
6033-SC328,7. P2-WOF-Ba.jpg,896
6037-SC348,5. P2-WOF-Fr.jpg,1355
6037-SC348,7. P2-WOF-Ba.jpg,1355
6041-RTx2536,5. P2-WOF-Fr.jpg,2033
6041-RTx2536,7. P2-WOF-Ba.jpg,2033
6045-BTx623_DW1,5. P2-WOF-Fr.jpg,875
6045-BTx623_DW1,7. P2-WOF-Ba.jpg,875
6049-SC326-6,5. P2-WOF-Fr.jpg,2876
6049-SC326-6,7. P2-WOF-Ba.jpg,2876
6053-SC1154-14E,5. P2-WOF-Fr.jpg,445
6053-SC1154-14E,7. P2-WOF-Ba.jpg,445
6057-BTx642,5. P2-WOF-Fr.jpg,526
6057-BTx642,7. P2-WOF-Ba.jpg,526
6061-R11018,5. P2-WOF-Fr.jpg,1441
6061-R11018,7. P2-WOF-Ba.jpg,1441
6065-RTx430BL,5. P2-WOF-Fr.jpg,1208
6065-RTx430BL,7. P2-WOF-Ba.jpg,1208
6069-R9188,5. P2-WOF-Fr.jpg,1514
6069-R9188,7. P2-WOF-Ba.jpg,1514
6073-B10001,5. P2-WOF-Fr.jpg,2126
6073-B10001,7. P2-WOF-Ba.jpg,2126
7005-SC328,5. P2-WOF-Fr.jpg,2219
7005-SC328,7. P2-WOF-Ba.jpg,2219
7009-1790E_SC56_SC33,5. P2-WOF-Fr.jpg,995
7009-1790E_SC56_SC33,7. P2-WOF-Ba.jpg,995
7013-Tx2882,5. P2-WOF-Fr.jpg,1339
7013-Tx2882,7. P2-WOF-Ba.jpg,1339
7017BTx642,5. P2-WOF-Fr.jpg,640
7017BTx642,7. P2-WOF-Ba.jpg,640
7021-Macia,5. P2-WOF-Fr.jpg,2158
7021-Macia,7. P2-WOF-Ba.jpg,2158
7025-SC283,5. P2-WOF-Fr.jpg,879
7025-SC283,7. P2-WOF-Ba.jpg,879
7029-SC964,5. P2-WOF-Fr.jpg,860
7029-SC964,7. P2-WOF-Ba.jpg,860
7033-M10P0052_BTx623,5. P2-WOF-Fr.jpg,1344
7033-M10P0052_BTx623,7. P2-WOF-Ba.jpg,1344
7037-Tx2882,5. P2-WOF-Fr.jpg,1519
7037-Tx2882,7. P2-WOF-Ba.jpg,1519
7041-BTx642,5. P2-WOF-Fr.jpg,52
7041-BTx642,7. P2-WOF-Ba.jpg,52
7045-BTx635_DW2,5. P2-WOF-Fr.jpg,1431
7045-BTx635_DW2,7. P2-WOF-Ba.jpg,1431
7049-1790E_SC56_SC33,5. P2-WOF-Fr.jpg,1006
7049-1790E_SC56_SC33,7. P2-WOF-Ba.jpg,1006
7053-RLBK1,5. P2-WOF-Fr.jpg,564
7053-RLBK1,7. P2-WOF-Ba.jpg,564
7057-SC348,5. P2-WOF-Fr.jpg,1098
7057-SC348,7. P2-WOF-Ba.jpg,1098
7061-2219-3,5. P2-WOF-Fr.jpg,1723
7061-2219-3,7. P2-WOF-Ba.jpg,1723
7065-SN72_PINK_KAFIR,5. P2-WOF-Fr.jpg,1775
7065-SN72_PINK_KAFIR,7. P2-WOF-Ba.jpg,1775
7069-2290-19,5. P2-WOF-Fr.jpg,1370
7069-2290-19,7. P2-WOF-Ba.jpg,1370
7073-BTx635_DW2,5. P2-WOF-Fr.jpg,1000
7073-BTx635_DW2,7. P2-WOF-Ba.jpg,1000
