Plot,Range,Row,Pass,Rep,Pedigree,Length_mm,Width_mm,Area_mm2,Number of Kernels,mean_kernel_dia_mm,mean_kernel_weight_mg,Unnamed: 0,id,Rep_x,Image_id,Rep_y,area_cir_mm2,area_ellip_mm2
2005,2,6,2,1,SC964,4.032,3.367,9.947,,,,0.0,2005-SC964,1.0,2005_2005_1,1.0,14.1875896,11.69267183
3005,3,6,2,1,BTx635_DW2,3.585555556,3.016666667,8.23,8.0,2.971433789,22.57358718,6.0,3005-BTx635_DW2,1.0,3005_3005_1,1.0,15.43592245,13.60179088
4005,4,6,2,1,PINK_KAFIR,3.455,3.068,7.954,10.0,2.522670174,20.61651287,,,,,,,
5005,5,6,2,1,SC35-14E,4.19,3.732,11.55,9.0,2.988912582,35.7950467,,,,,,,
6005,6,6,2,1,BTx623,3.993,3.472,10.399,9.0,2.700462023,29.68645011,24.0,6005-BTx623,1.0,6005_6005_1,1.0,17.61191387,14.27044358
7005,7,6,2,1,SC328,4.342,3.706,11.997,10.0,2.388609576,28.32529507,30.0,7005-SC328,1.0,7005_7005_1,1.0,14.80137531,12.65531802
2009,2,10,3,1,RTx430_BL,4.267,3.85,12.038,10.0,3.050453782,34.3608552,,,,,,,
3009,3,10,3,1,M10P0052_BTx623,3.949,3.345,9.754,10.0,2.614284801,25.03860474,7.0,3009-M10P0052_BTx623,1.0,3009_3009_1,1.0,15.03429104,12.38435833
4009,4,10,3,1,BTx615,3.891,3.117,9.003,8.0,2.710911423,26.84628475,13.0,4009-BTx615,1.0,4009_4009_1,1.0,10.99237925,9.142504088
5009,5,10,3,1,R9188,3.724,2.812,8.013,10.0,2.225625539,18.52498264,19.0,5009-R9188,1.0,5009_5009_1,1.0,14.48933554,12.31579009
6009,6,10,3,1,B10001,4.189,3.268,10.09,10.0,2.638198185,25.57642784,25.0,6009-B10001,1.0,6009_6009_1,1.0,15.91343832,13.1462036
7009,7,10,3,1,1790E_(SC56/SC33),3.889,3.333,9.699,10.0,2.606729317,22.52876921,,,,,,,
2013,2,14,4,1,Tx7000,4.267,3.764,11.847,9.0,3.066631847,32.4884368,2.0,2013-Tx7000,1.0,2013_2013_1,1.0,19.67315254,16.76663567
3013,3,14,4,1,SC56,4.33,3.674,11.68,10.0,2.725493836,30.89488983,8.0,3013-SC56,1.0,3013_3013_1,1.0,10.70484344,8.828318838
4013,4,14,4,1,R11018,4.095,3.764,11.629,10.0,2.702164936,27.6081996,14.0,4013-R11018,1.0,4013_4013_1,1.0,18.1084349,15.20804164
5013,5,14,4,1,RTx2536,3.647,3.67,10.42,8.0,2.980272025,31.5522275,20.0,5013-RTx2536,1.0,5013_5013_1,1.0,12.46386858,9.832375
6013,6,14,4,1,SC1154-14E,4.175,3.657,11.355,10.0,2.683826971,27.84723186,26.0,6013-SC1154-14E,1.0,6013_6013_1,1.0,12.89215906,10.42848409
7013,7,14,4,1,Tx2882,3.865,3.926,11.533,9.0,2.907302962,32.7540279,32.0,7013-Tx2882,1.0,7013_7013_1,1.0,14.70775509,12.33085873
2017,2,18,5,1,RLBK1,3.894,3.612,10.234,10.0,2.603186584,22.70804253,3.0,2017-RLBK1,1.0,2017_2017_1,1.0,9.523713248,8.325975546
3017,3,18,5,1,KS19,3.838,3.352,9.548,10.0,2.432795525,22.58852673,9.0,3017-KS19,1.0,3017_3017_1,1.0,13.44420149,11.20796162
4017,4,18,5,1,BTx2752,4.03,3.308,9.865,9.0,2.758000241,27.76755375,15.0,4017-BTx2752,1.0,4017_4017_1,1.0,17.64955089,15.04491312
5017,5,18,5,1,BTx623_DW1,4.258,3.563,11.284,10.0,2.579142022,26.95086079,21.0,5017BTx623_DW1,1.0,5017_5017_1,1.0,12.70998164,11.46997727
6017,6,18,5,1,P898012,3.641,3.008,8.554,9.0,2.373756064,22.19013998,27.0,6017-P898012,1.0,6017_6017_1,1.0,15.47408677,13.5432832
7017,7,18,5,1,B.Tx642,3.985,3.708,10.936,10.0,2.703117919,27.96674709,,,,,,,
2021,2,22,6,1,SC326-6,3.945,3.467,10.059,10.0,2.493730521,23.90320263,4.0,2021-SC326-6,1.0,2021_2021_1,1.0,16.83576252,14.68616624
3021,3,22,6,1,SC348,4.517,3.998,13.223,8.0,3.082474589,38.20030594,10.0,3021-SC348,1.0,3021_3021_1,1.0,13.25760275,11.90361473
4021,4,22,6,1,6085-9_Stg4 NIL,4.167,3.854,11.734,10.0,2.973203444,31.19367981,,,,,,,
5021,5,22,6,1,96CD635,3.664,3.612,10.186,9.0,2.476447158,25.24443775,22.0,5021-96CD635,1.0,5021_5021_1,1.0,21.23887822,17.39706245
6021,6,22,6,1,B4R (BTx406/Rio),3.624,2.96,8.121,9.0,2.498774793,21.45976384,,,,,,,
7021,7,22,6,1,Macia,4.061,3.644,11.109,10.0,2.569808817,27.18989334,34.0,7021-Macia,1.0,7021_7021_1,1.0,23.00369647,22.00120791
2025,2,26,7,1,RTx430,4.317,3.788,12.162,9.0,2.877271944,28.95607461,5.0,2025-RTx430,1.0,2025_2025_1,1.0,11.23371313,9.364414512
3025,3,26,7,1,2219-3_Stg2 NIL,3.891,3.763,10.888,9.0,2.923034615,29.15526835,,,,,,,
4025,4,26,7,1,R.Tx436,3.356,3.524,9.006,10.0,2.45962224,24.14223499,,,,,,,
5025,5,26,7,1,BTx642/Tx7000 NILStg1,4.407,3.92,12.719,9.0,3.03821018,37.72058254,,,,,,,
6025,6,26,7,1,2290-19_Stg3 NIL,4.292,3.807,12.048,9.0,2.98,32.74,,,,,,,
7025,7,26,7,1,SC283,3.789,2.702,7.801,10.0,2.272095728,18.10667572,35.0,7025-SC283,1.0,7025_7025_1,1.0,8.583030965,7.359897683
2029,2,30,8,2,R.Tx436,3.767,3.846,11.094,10.0,3.217075276,33.64375839,,,,,,,
3029,3,30,8,2,KS19,4.1,3.53,10.87,10.0,2.775132513,29.34118176,42.0,3029-KS19,2.0,3017_3017_2,2.0,12.37189786,10.62304285
4029,4,30,8,2,2290-19_Stg3 NIL,4.292,3.922,12.237,9.0,3.316866027,33.79647361,,,,,,,
5029,5,30,8,2,RLBK1,3.733,3.508,9.669,8.0,2.742972076,22.33455491,53.0,5029-RLBK1,2.0,2017_2017_2,2.0,12.26682727,10.37460609
6029,6,30,8,2,PINK_KAFIR,3.598,3.165,8.542,9.0,2.511520823,20.91530206,,,,,,,
7029,7,30,8,2,SC964,4.192727273,3.362727273,10.44818182,11.0,2.410843091,21.62153339,65.0,7029-SC964,2.0,2005_2005_2,2.0,8.727145198,7.038632067
2033,2,34,9,2,R11018,4.287,4.131,13.148,9.0,2.99,39.17,37.0,2033-R11018,2.0,4013_4013_2,2.0,12.48805164,10.71040306
3033,3,34,9,2,P898012,3.709,3.079,8.845,9.0,2.321842114,19.58734671,43.0,3033-P898012,2.0,6017_6017_2,2.0,10.06470078,8.25262993
4033,4,34,9,2,SC56,4.534,3.841,12.896,9.0,3.182231744,39.24109226,49.0,4033-SC56,2.0,3013_3013_2,2.0,13.95954571,11.57963057
5033,5,34,9,2,SC1154-14E,4.326,3.656,11.893,10.0,2.611476469,28.08626375,54.0,5033-SC1154-14E,2.0,6013_6013_2,2.0,11.40309976,9.771417857
6033,6,34,9,2,SC328,4.293,3.399,10.942,9.0,2.733223544,27.82067214,60.0,6033-SC328,2.0,7005_7005_2,2.0,15.97859167,12.77918835
7033,7,34,9,2,M10P0052_BTx623,3.988,3.685,11.11,10.0,2.758687997,25.27763748,66.0,7033-M10P0052_BTx623,2.0,3009_3009_2,2.0,10.36529771,8.551903812
2037,2,38,10,2,2219-3_Stg2 NIL,3.952,3.76,11.027,8.0,3.222471982,37.87163734,,,,,,,
3037,3,38,10,2,RTx430,4.429,4.108,13.618,10.0,3.218287885,40.57568693,44.0,3037-RTx430,2.0,2025_2025_2,2.0,15.02591231,12.45569957
4037,4,38,10,2,Macia,4.056,3.653,11.096,10.0,2.871728182,28.38505363,50.0,4037-Macia,2.0,7021_7021_2,2.0,12.19791952,10.43839738
5037,5,38,10,2,Tx7000,4.305,3.919,12.511,10.0,3.058188844,30.17779427,55.0,5037-Tx7000,2.0,2013_2013_2,2.0,14.26182288,11.97049078
6037,6,38,10,2,SC348,4.587,3.89,13.41,10.0,3.169850707,35.73528843,61.0,6037-SC348,2.0,3021_3021_2,2.0,17.37374184,16.45433416
7037,7,38,10,2,Tx2882,3.8,4.041,11.791,10.0,2.945486474,32.68762989,67.0,7037-Tx2882,2.0,7013_7013_2,2.0,10.63699829,9.422618866
2041,2,42,11,2,RTx430_BL,4.555,4.301,14.552,10.0,3.304040122,43.38431282,,,,,,,
3041,3,42,11,2,B4R (BTx406/Rio),4.003,3.448,10.589,10.0,2.858076262,29.58021393,,,,,,,
4041,4,42,11,2,R9188,3.836,3.003,8.694,9.0,2.17595613,19.78654035,,,,,,,
5041,5,42,11,2,BTx623,3.956,3.66,11.139,7.0,2.993816001,26.29352352,56.0,5041-BTx623,2.0,6005_6005_2,2.0,13.79968232,11.76701938
6041,6,42,11,2,RTx2536,3.928,3.787,11.317,10.0,2.732884288,30.05827789,62.0,6041-RTx2536,2.0,5013_5013_2,2.0,12.43520395,11.1304283
7041,7,42,11,2,B.Tx642,4.054,3.647,10.971,9.0,2.48091348,26.69191011,,,,,,,
2045,2,46,12,2,SC35-14E,4.292,3.863,12.13,10.0,3.139441204,34.00230694,,,,,,,
3045,3,46,12,2,SC283,3.35,2.757,6.897,10.0,2.270196748,16.37369432,46.0,3045-SC283,2.0,7025_7025_2,2.0,10.5636323,7.875014944
4045,4,46,12,2,BTx615,4.213,3.406,10.646,9.0,3.000566112,30.01179949,51.0,4045-BTx615,2.0,4009_4009_2,2.0,13.81379314,11.62105563
5045,5,46,12,2,6085-9_Stg4 NIL,3.982,3.687,10.723,9.0,2.637222568,26.55911414,,,,,,,
6045,6,46,12,2,BTx623_DW1,4.069,3.186,9.373,9.0,2.251969655,18.25939125,63.0,6045-BTx623_DW1,2.0,5017_5017_2,2.0,15.21423114,12.79133281
7045,7,46,12,2,BTx635_DW2,3.845,3.137,9.196,10.0,2.688131285,24.50078278,69.0,7045-BTx635_DW2,2.0,3005_3005_2,2.0,10.896026,9.05658797
2049,2,50,13,2,BTx642/Tx7000 NILStg1,4.495,4.053,13.447,10.0,3.27756505,38.90246277,,,,,,,
3049,3,50,13,2,BTx2752,3.981,3.303,9.845,10.0,2.630936337,24.73981533,47.0,3049-BTx2752,2.0,4017_4017_2,2.0,10.43196201,8.906663523
4049,4,50,13,2,B10001,4.221,3.493,10.905,9.0,2.737511529,32.13652844,52.0,4049-B10001,2.0,6009_6009_2,2.0,12.79132467,10.95504279
5049,5,50,13,2,96CD635,3.979,4.143,12.875,9.0,3.039963616,36.05399789,58.0,5049-96CD635,2.0,5021_5021_2,2.0,14.71251172,12.53161128
6049,6,50,13,2,SC326-6,3.653,3.156,8.444,10.0,2.124044681,17.74812822,64.0,6049-SC326-6,2.0,2021_2021_2,2.0,13.34861187,11.59925124
7049,7,50,13,2,1790E_(SC56/SC33),4.005,3.621,11.121,10.0,2.783785486,27.36916752,,,,,,,
2053,2,54,14,3,BTx623,4.254,3.734,11.54,9.0,2.564648496,28.68384382,71.0,2053-BTx623,3.0,6005_6005_3,3.0,15.10695534,12.70549919
3053,3,54,14,3,SC964,4.147,3.459,10.65,10.0,2.465321875,23.90320301,77.0,3053-SC964,3.0,2005_2005_3,3.0,14.45938704,11.69014846
4053,4,54,14,3,SC35-14E,4.316,3.61,11.296,10.0,2.547426152,27.30940933,,,,,,,
5053,5,54,14,3,96CD635,3.896,4.03,12.319,9.0,3.161553038,35.85480478,89.0,5053-96CD635,3.0,5021_5021_3,3.0,13.08616251,11.97478181
6053,6,54,14,3,SC1154-14E,4.352,3.7,12.064,10.0,2.844798589,28.62408562,95.0,6053-SC1154-14E,3.0,6013_6013_3,3.0,16.09240484,13.34798284
7053,7,54,14,3,RLBK1,4.01,3.77,10.961,10.0,2.693147254,25.57642708,101.0,7053-RLBK1,3.0,2017_2017_3,3.0,14.85775326,12.79735863
2057,2,58,15,3,Macia,3.979,3.58,10.521,9.0,2.536220047,27.62811852,72.0,2057-Macia,3.0,7021_7021_3,3.0,17.22494241,14.28396406
3057,3,58,15,3,1790E_(SC56/SC33),4.376,3.745,11.883,10.0,2.61943897,30.11803579,,,,,,,
4057,4,58,15,3,SC326-6,3.718,3.465,9.599,10.0,2.597951865,22.88731651,84.0,4057-SC326-6,3.0,2021_2021_3,3.0,10.8004762,9.387144501
5057,5,58,15,3,Tx2882,3.758,3.86,10.957,8.0,2.852344394,30.192734,90.0,5057-Tx2882,3.0,7013_7013_3,3.0,16.89865782,16.86908945
6057,6,58,15,3,B.Tx642,4.152,3.732,11.356,9.0,3.004247904,31.54558775,,,,,,,
7057,7,58,15,3,SC348,4.279,4.215,13.822,6.0,3.470536431,42.66721725,102.0,7057-SC348,3.0,3021_3021_3,3.0,22.20674249,18.90194374
2061,2,62,16,3,SC283,4.11,3.887,11.798,10.0,2.902296901,31.97053318,73.0,2061-SC283,3.0,7025_7025_3,3.0,11.62156674,8.634658089
3061,3,62,16,3,RTx2536,3.827,3.75,11.161,9.0,2.597530312,28.15930155,79.0,3061-RTx2536,3.0,5013_5013_3,3.0,14.65866436,13.30298385
4061,4,62,16,3,KS19,4.059,3.464,10.417,9.0,2.716809511,26.36656041,85.0,4061-KS19,3.0,3017_3017_3,3.0,15.44398437,13.79226544
5061,5,62,16,3,BTx623_DW1,4.057,3.455,10.559,9.0,2.622746097,26.62551244,91.0,5061-BTx623,3.0,5017_5017_3,3.0,13.98257217,11.85942195
6061,6,62,16,3,R11018,4.202,4.059,12.862,5.0,2.978175688,35.01819267,97.0,6061-R11018,3.0,4013_4013_3,3.0,13.40493555,11.38281478
7061,7,62,16,3,2219-3_Stg2 NIL,4.072,3.741,11.228,10.0,2.820719051,29.40093975,,,,,,,
2065,2,66,17,3,SC56,4.312,3.937,12.622,9.0,3.092948649,36.71797604,74.0,2065-SC56,3.0,3013_3013_3,3.0,16.48354395,14.00711812
3065,3,66,17,3,RTx430,4.505,3.984,13.485,10.0,3.018122458,34.30109615,80.0,3065-RTx430,3.0,2025_2025_3,3.0,15.4918604,13.34959444
4065,4,66,17,3,M10P0052_BTx623,4.04,3.47,10.455,8.0,2.685562849,27.18989372,86.0,4065-M10P0052_BTx623,3.0,3009_3009_3,3.0,17.26832749,15.01332219
5065,5,66,17,3,P898012,3.698,3.15,9.191,8.0,2.53755331,20.24302483,92.0,5065-P898012,3.0,6017_6017_3,3.0,14.7427095,11.99362883
6065,6,66,17,3,RTx430_BL,4.352,4.007,13.003,9.0,3.112317774,35.85480436,,,,,,,
7065,7,66,17,3,PINK_KAFIR,3.73,3.204,9.038,8.0,2.654018432,23.08153021,,,,,,,
2069,2,70,18,3,6085-9_Stg4 NIL,4.067,3.983,11.99,9.0,2.80478051,33.53088231,,,,,,,
3069,3,70,18,3,BTx2752,4.13,3.448,10.59,10.0,2.762752008,26.23376522,81.0,3069-BTx2752,3.0,4017_4017_3,3.0,14.33750149,11.7307423
4069,4,70,18,3,Tx7000,4.173,3.92,12.128,9.0,2.936170499,32.40211974,87.0,4069-Tx7000,3.0,2013_2013_3,3.0,13.00172618,10.84874257
5069,5,70,18,3,R.Tx436,3.524,3.769,10.205,10.0,2.584804773,26.05449123,,,,,,,
6069,6,70,18,3,R9188,3.888,3.035,9.001,10.0,2.239385092,19.42135239,99.0,6069-R9188,3.0,5009_5009_3,3.0,12.59216417,9.915558605
7069,7,70,18,3,2290-19_Stg3 NIL,4.148,3.872,11.696,10.0,3.012687492,31.97053432,,,,,,,
2073,2,74,19,3,SC328,4.256,3.608,11.546,9.0,2.74888187,30.54298147,76.0,2073-SC328,3.0,7005_7005_3,3.0,10.19975457,8.100931476
3073,3,74,19,3,BTx615,4.597,3.615,12.021,10.0,3.107643867,31.1339222,82.0,3073-BTx615,3.0,4009_4009_3,3.0,12.66470558,9.766540934
4073,4,74,19,3,BTx642/Tx7000 NILStg1,4.365,4.004,12.775,6.0,2.949939132,35.0580314,,,,,,,
5073,5,74,19,3,B4R (BTx406/Rio),3.858,3.198,9.317,9.0,2.723855575,24.03599866,,,,,,,
6073,6,74,19,3,B10001,4.122,3.215,9.89,10.0,2.558394122,23.60441303,100.0,6073-B10001,3.0,6009_6009_3,3.0,17.25213148,14.0889152
7073,7,74,19,3,BTx635_DW2,3.895,3.347,9.791,10.0,2.915840316,26.2935236,106.0,7073-BTx635_DW2,3.0,3005_3005_3,3.0,11.20460759,9.192198044
