id,plot,img_name,Mach_Count
2029_P1,2029-RTx436,1. P1-WOF-Fr.jpg,3370
2029_P2,2029-RTx436,5. P2-WOF-Fr.jpg,2346
2029_P3,2029-RTx436,9. P3-WOF-Fr.jpg,2707
2029_P4,2029-RTx436,13. P4-WOF-Fr.jpg,2359
2033_P1,2033-R11018,1. P1-WOF-Fr.jpg,1024
2033_P2,2033-R11018,5. P2-WOF-Fr.jpg,1045
2033_P3,2033-R11018,9. P3-WOF-Fr.jpg,1573
2033_P4,2033-R11018,13. P4-WOF-Fr.jpg,1084
2037_P1,2037-2219-3_Stg2NIL,1. P1-WOF-Fr.jpg,2033
2037_P2,2037-2219-3_Stg2NIL,5. P2-WOF-Fr.jpg,1996
2037_P3,2037-2219-3_Stg2NIL,9. P3-WOF-Fr.jpg,1830
2037_P4,2037-2219-3_Stg2NIL,13. P4-WOF-Fr.jpg,2065
2041_P1,2041-RTx430BL,1. P1-WOF-Fr.jpg,1359
2041_P2,2041-RTx430BL,5. P2-WOF-Fr.jpg,1419
2041_P3,2041-RTx430BL,9. P3-WOF-Fr.jpg,1359
2041_P4,2041-RTx430BL,13. P4-WOF-Fr.jpg,548
2045_P1,2045-SC35-14E,1. P1-WOF-Fr.jpg,431
2045_P2,2045-SC35-14E,5. P2-WOF-Fr.jpg,465
2045_P3,2045-SC35-14E,9. P3-WOF-Fr.jpg,189
2045_P4,2045-SC35-14E,13. P4-WOF-Fr.jpg,338
2049_P1,2049-BTx642_Tx7000,1. P1-WOF-Fr.jpg,1127
2049_P2,2049-BTx642_Tx7000,5. P2-WOF-Fr.jpg,1316
2049_P3,2049-BTx642_Tx7000,9. P3-WOF-Fr.jpg,2369
2049_P4,2049-BTx642_Tx7000,13. P4-WOF-Fr.jpg,1784
2053_P1,2053-BTx623,1. P1-WOF-Fr.jpg,1415
2053_P2,2053-BTx623,5. P2-WOF-Fr.jpg,1185
2053_P3,2053-BTx623,9. P3-WOF-Fr.jpg,1698
2053_P4,2053-BTx623,13. P4-WOF-Fr.jpg,1525
2057_P1,2057-Macia,1. P1-WOF-Fr.jpg,1813
2057_P2,2057-Macia,5. P2-WOF-Fr.jpg,1606
2057_P3,2057-Macia,9. P3-WOF-Fr.jpg,2080
2057_P4,2057-Macia,13. P4-WOF-Fr.jpg,1178
2061_P1,2061-SC283,1. P1-WOF-Fr.jpg,255
2061_P2,2061-SC283,5. P2-WOF-Fr.jpg,416
2061_P3,2061-SC283,9. P3-WOF-Fr.jpg,932
2065_P1,2065-SC56,1. P1-WOF-Fr.jpg,1280
2065_P2,2065-SC56,5. P2-WOF-Fr.jpg,740
2065_P3,2065-SC56,9. P3-WOF-Fr.jpg,1336
2065_P4,2065-SC56,13. P4-WOF-Fr.jpg,1124
2069_P1,2069-6085-9,1. P1-WOF-Fr.jpg,2057
2069_P2,2069-6085-9,5. P2-WOF-Fr.jpg,1611
2069_P3,2069-6085-9,9. P3-WOF-Fr.jpg,2334
2069_P4,2069-6085-9,13. P4-WOF-Fr.jpg,1274
2073_P1,2073-SC328,1. P1-WOF-Fr.jpg,1757
2073_P2,2073-SC328,5. P2-WOF-Fr.jpg,1864
2073_P3,2073-SC328,9. P3-WOF-Fr.jpg,1832
2073_P4,2073-SC328,13. P4-WOF-Fr.jpg,2084
3029_P1,3029-KS19,1. P1-WOF-Fr.jpg,1013
3029_P2,3029-KS19,5. P2-WOF-Fr.jpg,1118
3029_P3,3029-KS19,9. P3-WOF-Fr.jpg,1001
3029_P4,3029-KS19,13. P4-WOF-Fr.jpg,758
3033_P2,3033-P898012,5. P2-WOF-Fr.jpg,1001
3033_P4,3033-P898012,13. P4-WOF-Fr.jpg,1064
3037_P1,3037-RTx430,1. P1-WOF-Fr.jpg,1015
3037_P2,3037-RTx430,5. P2-WOF-Fr.jpg,1392
3037_P3,3037-RTx430,9. P3-WOF-Fr.jpg,852
3037_P4,3037-RTx430,13. P4-WOF-Fr.jpg,1669
3041_P1,3041-B4R_BTx406_Rio,1. P1-WOF-Fr.jpg,1753
3041_P2,3041-B4R_BTx406_Rio,5. P2-WOF-Fr.jpg,1705
3041_P3,3041-B4R_BTx406_Rio,9. P3-WOF-Fr.jpg,1408
3041_P4,3041-B4R_BTx406_Rio,13. P4-WOF-Fr.jpg,2162
3045_P1,3045-SC283,1. P1-WOF-Fr.jpg,633
3045_P2,3045-SC283,5. P2-WOF-Fr.jpg,1000
3045_P3,3045-SC283,9. P3-WOF-Fr.jpg,1010
3045_P4,3045-SC283,13. P4-WOF-Fr.jpg,486
3049_P1,3049-BTx2752,1. P1-WOF-Fr.jpg,2072
3049_P2,3049-BTx2752,5. P2-WOF-Fr.jpg,1743
3049_P3,3049-BTx2752,9. P3-WOF-Fr.jpg,2191
3053_P1,3053-SC964,1. P1-WOF-Fr.jpg,1651
3053_P2,3053-SC964,5. P2-WOF-Fr.jpg,813
3053_P3,3053-SC964,9. P3-WOF-Fr.jpg,1808
3053_P4,3053-SC964,13. P4-WOF-Fr.jpg,1441
3057_P1,3057-1790E_SC56_SC33,1. P1-WOF-Fr.jpg,494
3057_P2,3057-1790E_SC56_SC33,5. P2-WOF-Fr.jpg,567
3057_P3,3057-1790E_SC56_SC33,9. P3-WOF-Fr.jpg,714
3057_P4,3057-1790E_SC56_SC33,13. P4-WOF-Fr.jpg,618
3061_P1,3061-RTx2536,1. P1-WOF-Fr.jpg,2725
3061_P2,3061-RTx2536,5. P2-WOF-Fr.jpg,1917
3061_P3,3061-RTx2536,9. P3-WOF-Fr.jpg,1948
3061_P4,3061-RTx2536,13. P4-WOF-Fr.jpg,1909
3065_P1,3065-RTx430,1. P1-WOF-Fr.jpg,699
3065_P2,3065-RTx430,5. P2-WOF-Fr.jpg,1090
3065_P3,3065-RTx430,9. P3-WOF-Fr.jpg,1033
3065_P4,3065-RTx430,13. P4-WOF-Fr.jpg,1650
3069_P1,3069-BTx2752,1. P1-WOF-Fr.jpg,2776
3069_P2,3069-BTx2752,5. P2-WOF-Fr.jpg,2991
3069_P3,3069-BTx2752,9. P3-WOF-Fr.jpg,2920
3069_P4,3069-BTx2752,13. P4-WOF-Fr.jpg,2935
3073_P1,3073-BTx615,1. P1-WOF-Fr.jpg,2166
3073_P2,3073-BTx615,5. P2-WOF-Fr.jpg,1700
3073_P3,3073-BTx615,9. P3-WOF-Fr.jpg,1442
3073_P4,3073-BTx615,13. P4-WOF-Fr.jpg,2020
4029_P1,4029-2290-19_Stg3NIL,1. P1-WOF-Fr.jpg,943
4029_P2,4029-2290-19_Stg3NIL,5. P2-WOF-Fr.jpg,964
4029_P3,4029-2290-19_Stg3NIL,9. P3-WOF-Fr.jpg,1154
4029_P4,4029-2290-19_Stg3NIL,13. P4-WOF-Fr.jpg,1654
4033_P1,4033-SC56,1. P1-WOF-Fr.jpg,1000
4033_P2,4033-SC56,5. P2-WOF-Fr.jpg,711
4033_P3,4033-SC56,9. P3-WOF-Fr.jpg,598
4033_P4,4033-SC56,13. P4-WOF-Fr.jpg,652
4037_P1,4037-Macia,1. P1-WOF-Fr.jpg,2493
4037_P2,4037-Macia,5. P2-WOF-Fr.jpg,1904
4037_P3,4037-Macia,9. P3-WOF-Fr.jpg,2361
4037_P4,4037-Macia,13. P4-WOF-Fr.jpg,2308
4045_P1,4045-BTx615,1. P1-WOF-Fr.jpg,1495
4045_P2,4045-BTx615,5. P2-WOF-Fr.jpg,1113
4045_P3,4045-BTx615,9. P3-WOF-Fr.jpg,1715
4045_P4,4045-BTx615,13. P4-WOF-Fr.jpg,915
4049_P1,4049-B10001,1. P1-WOF-Fr.jpg,2023
4049_P2,4049-B10001,5. P2-WOF-Fr.jpg,1842
4049_P3,4049-B10001,9. P3-WOF-Fr.jpg,1932
4049_P4,4049-B10001,13. P4-WOF-Fr.jpg,1592
4053_P2,4053-SC35-14E,5. P2-WOF-Fr.jpg,197
4053_P3,4053-SC35-14E,9. P3-WOF-Fr.jpg,276
4053_P4,4053-SC35-14E,13. P4-WOF-Fr.jpg,185
4057_P1,4057-SC326-6,1. P1-WOF-Fr.jpg,2688
4057_P2,4057-SC326-6,5. P2-WOF-Fr.jpg,2732
4057_P3,4057-SC326-6,9. P3-WOF-Fr.jpg,2409
4057_P4,4057-SC326-6,13. P4-WOF-Fr.jpg,2493
4061_P1,4061-KS19,1. P1-WOF-Fr.jpg,965
4061_P2,4061-KS19,5. P2-WOF-Fr.jpg,1151
4061_P3,4061-KS19,9. P3-WOF-Fr.jpg,1297
4061_P4,4061-KS19,13. P4-WOF-Fr.jpg,995
4065_P1,4065-M10P0052_BTx623,1. P1-WOF-Fr.jpg,1000
4065_P2,4065-M10P0052_BTx623,5. P2-WOF-Fr.jpg,1260
4065_P3,4065-M10P0052_BTx623,9. P3-WOF-Fr.jpg,971
4065_P4,4065-M10P0052_BTx623,13. P4-WOF-Fr.jpg,1153
4069_P1,4069-Tx7000,1. P1-WOF-Fr.jpg,1643
4069_P2,4069-Tx7000,5. P2-WOF-Fr.jpg,1976
4069_P3,4069-Tx7000,9. P3-WOF-Fr.jpg,2013
4069_P4,4069-Tx7000,13. P4-WOF-Fr.jpg,1470
4073_P1,4073-BTx642_Tx7000,1. P1-WOF-Fr.jpg,1458
4073_P2,4073-BTx642_Tx7000,5. P2-WOF-Fr.jpg,1269
4073_P3,4073-BTx642_Tx7000,9. P3-WOF-Fr.jpg,1176
4073_P4,4073-BTx642_Tx7000,13. P4-WOF-Fr.jpg,1373
5029_P1,5029-RLBF1,1. P1-WOF-Fr.jpg,1394
5029_P2,5029-RLBF1,5. P2-WOF-Fr.jpg,973
5029_P3,5029-RLBF1,9. P3-WOF-Fr.jpg,1364
5029_P4,5029-RLBF1,13. P4-WOF-Fr.jpg,1721
5033_P1,5033-SC1154-14E,1. P1-WOF-Fr.jpg,587
5033_P2,5033-SC1154-14E,5. P2-WOF-Fr.jpg,597
5033_P3,5033-SC1154-14E,9. P3-WOF-Fr.jpg,346
5033_P4,5033-SC1154-14E,13. P4-WOF-Fr.jpg,461
5037_P1,5037-Tx7000,1. P1-WOF-Fr.jpg,1559
5037_P2,5037-Tx7000,5. P2-WOF-Fr.jpg,1707
5037_P3,5037-Tx7000,9. P3-WOF-Fr.jpg,2394
5037_P4,5037-Tx7000,13. P4-WOF-Fr.jpg,1717
5041_P1,5041-BTx623,1. P1-WOF-Fr.jpg,1186
5041_P2,5041-BTx623,5. P2-WOF-Fr.jpg,1275
5041_P3,5041-BTx623,9. P3-WOF-Fr.jpg,2489
5041_P4,5041-BTx623,13. P4-WOF-Fr.jpg,1261
5045_P1,5045-6085-9,1. P1-WOF-Fr.jpg,1763
5045_P2,5045-6085-9,5. P2-WOF-Fr.jpg,1070
5045_P3,5045-6085-9,9. P3-WOF-Fr.jpg,1254
5045_P4,5045-6085-9,13. P4-WOF-Fr.jpg,1734
5049_P1,5049-96CD635,1. P1-WOF-Fr.jpg,1332
5049_P2,5049-96CD635,5. P2-WOF-Fr.jpg,1798
5049_P3,5049-96CD635,9. P3-WOF-Fr.jpg,945
5049_P4,5049-96CD635,13. P4-WOF-Fr.jpg,1948
5053_P1,5053-96CD635,1. P1-WOF-Fr.jpg,1604
5053_P2,5053-96CD635,5. P2-WOF-Fr.jpg,2138
5053_P3,5053-96CD635,9. P3-WOF-Fr.jpg,1482
5053_P4,5053-96CD635,13. P4-WOF-Fr.jpg,2162
5057_P1,5057-Tx2882,1. P1-WOF-Fr.jpg,971
5057_P2,5057-Tx2882,5. P2-WOF-Fr.jpg,855
5057_P3,5057-Tx2882,9. P3-WOF-Fr.jpg,1094
5057_P4,5057-Tx2882,13. P4-WOF-Fr.jpg,1093
5061_P1,5061-BTx623,1. P1-WOF-Fr.jpg,1308
5061_P2,5061-BTx623,5. P2-WOF-Fr.jpg,1173
5061_P3,5061-BTx623,9. P3-WOF-Fr.jpg,1424
5061_P4,5061-BTx623,13. P4-WOF-Fr.jpg,1259
5069_P1,5069-RTx436,1. P1-WOF-Fr.jpg,2923
5069_P2,5069-RTx436,5. P2-WOF-Fr.jpg,2466
5069_P3,5069-RTx436,9. P3-WOF-Fr.jpg,2872
5069_P4,5069-RTx436,13. P4-WOF-Fr.jpg,2674
5073_P1,5073-B4R_BTx406_Rio,1. P1-WOF-Fr.jpg,2104
5073_P2,5073-B4R_BTx406_Rio,5. P2-WOF-Fr.jpg,1614
5073_P3,5073-B4R_BTx406_Rio,9. P3-WOF-Fr.jpg,1751
5073_P4,5073-B4R_BTx406_Rio,13. P4-WOF-Fr.jpg,1536
6029_P1,6029-SN72_PinkKafir,1. P1-WOF-Fr.jpg,1617
6029_P2,6029-SN72_PinkKafir,5. P2-WOF-Fr.jpg,1648
6029_P3,6029-SN72_PinkKafir,9. P3-WOF-Fr.jpg,1882
6029_P4,6029-SN72_PinkKafir,13. P4-WOF-Fr.jpg,2631
6033_P1,6033-SC328,1. P1-WOF-Fr.jpg,1051
6033_P2,6033-SC328,5. P2-WOF-Fr.jpg,896
6033_P3,6033-SC328,9. P3-WOF-Fr.jpg,581
6033_P4,6033-SC328,13. P4-WOF-Fr.jpg,1251
6037_P1,6037-SC348,1. P1-WOF-Fr.jpg,1172
6037_P2,6037-SC348,5. P2-WOF-Fr.jpg,1355
6037_P3,6037-SC348,9. P3-WOF-Fr.jpg,980
6037_P4,6037-SC348,13. P4-WOF-Fr.jpg,984
6041_P1,6041-RTx2536,1. P1-WOF-Fr.jpg,1198
6041_P2,6041-RTx2536,5. P2-WOF-Fr.jpg,2033
6041_P3,6041-RTx2536,9. P3-WOF-Fr.jpg,1836
6041_P4,6041-RTx2536,13. P4-WOF-Fr.jpg,2698
6045_P1,6045-BTx623_DW1,1. P1-WOF-Fr.jpg,961
6045_P2,6045-BTx623_DW1,5. P2-WOF-Fr.jpg,875
6045_P3,6045-BTx623_DW1,9. P3-WOF-Fr.jpg,600
6045_P4,6045-BTx623_DW1,13. P4-WOF-Fr.jpg,439
6049_P1,6049-SC326-6,1. P1-WOF-Fr.jpg,2441
6049_P2,6049-SC326-6,5. P2-WOF-Fr.jpg,2876
6049_P3,6049-SC326-6,9. P3-WOF-Fr.jpg,2943
6049_P4,6049-SC326-6,13. P4-WOF-Fr.jpg,3039
6053_P1,6053-SC1154-14E,1. P1-WOF-Fr.jpg,256
6053_P2,6053-SC1154-14E,5. P2-WOF-Fr.jpg,445
6053_P3,6053-SC1154-14E,9. P3-WOF-Fr.jpg,406
6053_P4,6053-SC1154-14E,13. P4-WOF-Fr.jpg,553
6057_P1,6057-BTx642,1. P1-WOF-Fr.jpg,442
6057_P2,6057-BTx642,5. P2-WOF-Fr.jpg,526
6057_P3,6057-BTx642,9. P3-WOF-Fr.jpg,521
6057_P4,6057-BTx642,13. P4-WOF-Fr.jpg,1055
6061_P1,6061-R11018,1. P1-WOF-Fr.jpg,1220
6061_P2,6061-R11018,5. P2-WOF-Fr.jpg,1441
6061_P3,6061-R11018,9. P3-WOF-Fr.jpg,1480
6061_P4,6061-R11018,13. P4-WOF-Fr.jpg,1016
6065_P1,6065-RTx430BL,1. P1-WOF-Fr.jpg,1334
6065_P2,6065-RTx430BL,5. P2-WOF-Fr.jpg,1208
6065_P3,6065-RTx430BL,9. P3-WOF-Fr.jpg,1079
6065_P4,6065-RTx430BL,13. P4-WOF-Fr.jpg,1117
6069_P1,6069-R9188,1. P1-WOF-Fr.jpg,1180
6069_P2,6069-R9188,5. P2-WOF-Fr.jpg,1514
6069_P3,6069-R9188,9. P3-WOF-Fr.jpg,1431
6069_P4,6069-R9188,13. P4-WOF-Fr.jpg,1914
6073_P1,6073-B10001,1. P1-WOF-Fr.jpg,1455
6073_P2,6073-B10001,5. P2-WOF-Fr.jpg,2126
6073_P3,6073-B10001,9. P3-WOF-Fr.jpg,1785
6073_P4,6073-B10001,13. P4-WOF-Fr.jpg,1886
7029_P1,7029-SC964,1. P1-WOF-Fr.jpg,1155
7029_P2,7029-SC964,5. P2-WOF-Fr.jpg,860
7029_P3,7029-SC964,9. P3-WOF-Fr.jpg,1354
7029_P4,7029-SC964,13. P4-WOF-Fr.jpg,996
7033_P1,7033-M10P0052_BTx623,1. P1-WOF-Fr.jpg,867
7033_P2,7033-M10P0052_BTx623,5. P2-WOF-Fr.jpg,1344
7033_P3,7033-M10P0052_BTx623,9. P3-WOF-Fr.jpg,1527
7033_P4,7033-M10P0052_BTx623,13. P4-WOF-Fr.jpg,1480
7037_P1,7037-Tx2882,1. P1-WOF-Fr.jpg,1733
7037_P2,7037-Tx2882,5. P2-WOF-Fr.jpg,1519
7037_P3,7037-Tx2882,9. P3-WOF-Fr.jpg,1541
7037_P4,7037-Tx2882,13. P4-WOF-Fr.jpg,964
7041_P1,7041-BTx642,1. P1-WOF-Fr.jpg,65
7041_P2,7041-BTx642,5. P2-WOF-Fr.jpg,52
7041_P3,7041-BTx642,9. P3-WOF-Fr.jpg,122
7041_P4,7041-BTx642,13. P4-WOF-Fr.jpg,181
7045_P1,7045-BTx635_DW2,1. P1-WOF-Fr.jpg,1499
7045_P2,7045-BTx635_DW2,5. P2-WOF-Fr.jpg,1431
7045_P3,7045-BTx635_DW2,9. P3-WOF-Fr.jpg,1260
7045_P4,7045-BTx635_DW2,13. P4-WOF-Fr.jpg,1882
7049_P1,7049-1790E_SC56_SC33,1. P1-WOF-Fr.jpg,929
7049_P2,7049-1790E_SC56_SC33,5. P2-WOF-Fr.jpg,1006
7049_P3,7049-1790E_SC56_SC33,9. P3-WOF-Fr.jpg,884
7049_P4,7049-1790E_SC56_SC33,13. P4-WOF-Fr.jpg,901
7053_P1,7053-RLBK1,1. P1-WOF-Fr.jpg,1319
7053_P2,7053-RLBK1,5. P2-WOF-Fr.jpg,564
7053_P3,7053-RLBK1,9. P3-WOF-Fr.jpg,860
7053_P4,7053-RLBK1,13. P4-WOF-Fr.jpg,1961
7057_P1,7057-SC348,1. P1-WOF-Fr.jpg,1520
7057_P2,7057-SC348,5. P2-WOF-Fr.jpg,1098
7057_P3,7057-SC348,9. P3-WOF-Fr.jpg,671
7057_P4,7057-SC348,13. P4-WOF-Fr.jpg,1621
7061_P1,7061-2219-3,1. P1-WOF-Fr.jpg,800
7061_P2,7061-2219-3,5. P2-WOF-Fr.jpg,1723
7061_P3,7061-2219-3,9. P3-WOF-Fr.jpg,1358
7061_P4,7061-2219-3,13. P4-WOF-Fr.jpg,1743
7065_P1,7065-SN72_PINK_KAFIR,1. P1-WOF-Fr.jpg,1815
7065_P2,7065-SN72_PINK_KAFIR,5. P2-WOF-Fr.jpg,1775
7065_P3,7065-SN72_PINK_KAFIR,9. P3-WOF-Fr.jpg,1101
7065_P4,7065-SN72_PINK_KAFIR,13. P4-WOF-Fr.jpg,1556
7069_P1,7069-2290-19,1. P1-WOF-Fr.jpg,1976
7069_P2,7069-2290-19,5. P2-WOF-Fr.jpg,1370
7069_P3,7069-2290-19,9. P3-WOF-Fr.jpg,1165
7069_P4,7069-2290-19,13. P4-WOF-Fr.jpg,1421
7073_P1,7073-BTx635_DW2,1. P1-WOF-Fr.jpg,1765
7073_P2,7073-BTx635_DW2,5. P2-WOF-Fr.jpg,1000
7073_P3,7073-BTx635_DW2,9. P3-WOF-Fr.jpg,1905
7073_P4,7073-BTx635_DW2,13. P4-WOF-Fr.jpg,1341
