id,plot,img_name,Mach_Count,Pan_Count,Reg_Count
2005_P1,2005-SC964,1. P1-WOF-Fr.jpg,2400,1389,2167
2005_P2,2005-SC964,5. P2-WOF-Fr.jpg,1436,952,1708
2005_P3,2005-SC964,9. P3-WOF-Fr.jpg,1815,1237,1941
2005_P4,2005-SC964,13. P4-WOF-Fr.jpg,1704,1526,2346
2009_P1,2009-RTx430BL,1. P1-WOF-Fr.jpg,604,791,1499
2009_P2,2009-RTx430BL,5. P2-WOF-Fr.jpg,869,760,1331
2009_P3,2009-RTx430BL,9. P3-WOF-Fr.jpg,865,631,1160
2009_P4,2009-RTx430BL,13. P4-WOF-Fr.jpg,1189,784,1246
2013_P1,2013-Tx7000,1. P1-WOF-Fr.jpg,2076,1305,1744
2013_P2,2013-Tx7000,5. P2-WOF-Fr.jpg,2613,1889,1986
2013_P3,2013-Tx7000,9. P3-WOF-Fr.jpg,2274,1487,1936
2013_P4,2013-Tx7000,13. P4-WOF-Fr.jpg,2135,1609,1924
2017_P1,2017-RLBK1,1. P1-WOF-Fr.jpg,311,294,1127
2017_P2,2017-RLBK1,5. P2-WOF-Fr.jpg,641,376,1137
2017_P3,2017-RLBK1,9. P3-WOF-Fr.jpg,973,748,1657
2017_P4,2017-RLBK1,13. P4-WOF-Fr.jpg,859,523,1172
2021_P1,2021-SC326-6,1. P1-WOF-Fr.jpg,3389,1123,2019
2021_P2,2021-SC326-6,5. P2-WOF-Fr.jpg,3462,1451,2003
2021_P3,2021-SC326-6,9. P3-WOF-Fr.jpg,2640,1354,2021
2021_P4,2021-SC326-6,13. P4-WOF-Fr.jpg,1980,1205,1431
2025_P1,2025-RTx430,1. P1-WOF-Fr.jpg,1197,942,1344
2025_P2,2025-RTx430,5. P2-WOF-Fr.jpg,1030,1022,1496
2025_P3,2025-RTx430,9. P3-WOF-Fr.jpg,867,943,1441
2025_P4,2025-RTx430,13. P4-WOF-Fr.jpg,1248,1105,1418
2029_P1,2029-RTx436,1. P1-WOF-Fr.jpg,3370,1844,2570
2029_P2,2029-RTx436,5. P2-WOF-Fr.jpg,2346,1698,2204
2029_P3,2029-RTx436,9. P3-WOF-Fr.jpg,2707,1918,2188
2029_P4,2029-RTx436,13. P4-WOF-Fr.jpg,2359,1295,1474
2033_P1,2033-R11018,1. P1-WOF-Fr.jpg,1024,952,2079
2033_P2,2033-R11018,5. P2-WOF-Fr.jpg,1045,1145,2077
2033_P3,2033-R11018,9. P3-WOF-Fr.jpg,1573,1342,2081
2033_P4,2033-R11018,13. P4-WOF-Fr.jpg,1084,733,1221
2037_P1,2037-2219-3_Stg2NIL,1. P1-WOF-Fr.jpg,2033,803,1523
2037_P2,2037-2219-3_Stg2NIL,5. P2-WOF-Fr.jpg,1996,1691,2319
2037_P3,2037-2219-3_Stg2NIL,9. P3-WOF-Fr.jpg,1830,1640,2501
2037_P4,2037-2219-3_Stg2NIL,13. P4-WOF-Fr.jpg,2065,1535,2592
2041_P1,2041-RTx430BL,1. P1-WOF-Fr.jpg,1359,968,1237
2041_P2,2041-RTx430BL,5. P2-WOF-Fr.jpg,1419,911,1306
2041_P3,2041-RTx430BL,9. P3-WOF-Fr.jpg,1359,780,1251
2041_P4,2041-RTx430BL,13. P4-WOF-Fr.jpg,548,633,1158
2045_P1,2045-SC35-14E,1. P1-WOF-Fr.jpg,431,485,1094
2045_P2,2045-SC35-14E,5. P2-WOF-Fr.jpg,465,408,1064
2045_P3,2045-SC35-14E,9. P3-WOF-Fr.jpg,189,339,1199
2045_P4,2045-SC35-14E,13. P4-WOF-Fr.jpg,338,650,1408
2049_P1,2049-BTx642_Tx7000,1. P1-WOF-Fr.jpg,1127,1477,1837
2049_P2,2049-BTx642_Tx7000,5. P2-WOF-Fr.jpg,1316,1437,1826
2049_P3,2049-BTx642_Tx7000,9. P3-WOF-Fr.jpg,2369,2016,2286
2049_P4,2049-BTx642_Tx7000,13. P4-WOF-Fr.jpg,1784,1540,2252
2053_P1,2053-BTx623,1. P1-WOF-Fr.jpg,1415,1343,2129
2053_P2,2053-BTx623,5. P2-WOF-Fr.jpg,1185,972,1703
2053_P3,2053-BTx623,9. P3-WOF-Fr.jpg,1698,1300,2077
2053_P4,2053-BTx623,13. P4-WOF-Fr.jpg,1525,1095,1900
2057_P1,2057-Macia,1. P1-WOF-Fr.jpg,1813,1014,1775
2057_P2,2057-Macia,5. P2-WOF-Fr.jpg,1606,1349,1971
2057_P3,2057-Macia,9. P3-WOF-Fr.jpg,2080,1449,2080
2057_P4,2057-Macia,13. P4-WOF-Fr.jpg,1178,1399,2083
2061_P1,2061-SC283,1. P1-WOF-Fr.jpg,255,196,1113
2061_P2,2061-SC283,5. P2-WOF-Fr.jpg,416,580,1503
2061_P3,2061-SC283,9. P3-WOF-Fr.jpg,932,660,1489
2065_P1,2065-SC56,1. P1-WOF-Fr.jpg,1280,1118,1365
2065_P2,2065-SC56,5. P2-WOF-Fr.jpg,740,621,1019
2065_P3,2065-SC56,9. P3-WOF-Fr.jpg,1336,1138,1391
2065_P4,2065-SC56,13. P4-WOF-Fr.jpg,1124,999,1290
2069_P1,2069-6085-9,1. P1-WOF-Fr.jpg,2057,1640,1234
2069_P2,2069-6085-9,5. P2-WOF-Fr.jpg,1611,1538,1703
2069_P3,2069-6085-9,9. P3-WOF-Fr.jpg,2334,1748,1681
2069_P4,2069-6085-9,13. P4-WOF-Fr.jpg,1274,2367,2240
2073_P1,2073-SC328,1. P1-WOF-Fr.jpg,1757,1333,1888
2073_P2,2073-SC328,5. P2-WOF-Fr.jpg,1864,1292,1976
2073_P3,2073-SC328,9. P3-WOF-Fr.jpg,1832,1486,2314
2073_P4,2073-SC328,13. P4-WOF-Fr.jpg,2084,1527,2337
3005_P1,3005-BTx635_DW2,1. P1-WOF-Fr.jpg,1905,1346,2187
3005_P2,3005-BTx635_DW2,5. P2-WOF-Fr.jpg,1710,1378,1637
3005_P3,3005-BTx635_DW2,9. P3-WOF-Fr.jpg,1278,988,1875
3005_P4,3005-BTx635_DW2,13. P4-WOF-Fr.jpg,1590,970,1738
3009_P1,3009-M10P0052_BTx623,1. P1-WOF-Fr.jpg,2255,1407,1834
3009_P2,3009-M10P0052_BTx623,5. P2-WOF-Fr.jpg,1282,1055,1481
3009_P3,3009-M10P0052_BTx623,9. P3-WOF-Fr.jpg,2460,1323,1924
3009_P4,3009-M10P0052_BTx623,13. P4-WOF-Fr.jpg,2241,1052,1662
3013_P1,3013-SC56,1. P1-WOF-Fr.jpg,1306,1049,1683
3013_P2,3013-SC56,5. P2-WOF-Fr.jpg,1162,794,1781
3013_P3,3013-SC56,9. P3-WOF-Fr.jpg,1316,960,1554
3013_P4,3013-SC56,13. P4-WOF-Fr.jpg,1509,1204,1673
3017_P1,3017-KS19,1. P1-WOF-Fr.jpg,2108,815,1361
3017_P2,3017-KS19,5. P2-WOF-Fr.jpg,2053,1079,1590
3017_P3,3017-KS19,9. P3-WOF-Fr.jpg,2504,685,1522
3017_P4,3017-KS19,13. P4-WOF-Fr.jpg,1678,1294,1673
3021_P1,3021-SC328,1. P1-WOF-Fr.jpg,1698,829,1122
3021_P2,3021-SC328,5. P2-WOF-Fr.jpg,1681,1211,1283
3021_P3,3021-SC328,9. P3-WOF-Fr.jpg,2097,1380,1310
3021_P4,3021-SC328,13. P4-WOF-Fr.jpg,1650,991,1358
3025_P1,3025-2219-3_Stg2NIL,1. P1-WOF-Fr.jpg,1942,1260,2020
3025_P2,3025-2219-3_Stg2NIL,5. P2-WOF-Fr.jpg,2270,1852,2692
3025_P3,3025-2219-3_Stg2NIL,9. P3-WOF-Fr.jpg,1892,1232,2112
3025_P4,3025-2219-3_Stg2NIL,13. P4-WOF-Fr.jpg,1757,1060,1960
3029_P1,3029-KS19,1. P1-WOF-Fr.jpg,1013,1107,1544
3029_P2,3029-KS19,5. P2-WOF-Fr.jpg,1118,1251,1664
3029_P3,3029-KS19,9. P3-WOF-Fr.jpg,1001,1032,1603
3029_P4,3029-KS19,13. P4-WOF-Fr.jpg,758,1467,1671
3033_P2,3033-P898012,5. P2-WOF-Fr.jpg,1001,887,1662
3033_P4,3033-P898012,13. P4-WOF-Fr.jpg,1064,966,1662
3037_P1,3037-RTx430,1. P1-WOF-Fr.jpg,1015,930,1805
3037_P2,3037-RTx430,5. P2-WOF-Fr.jpg,1392,1397,1527
3037_P3,3037-RTx430,9. P3-WOF-Fr.jpg,852,917,1152
3037_P4,3037-RTx430,13. P4-WOF-Fr.jpg,1669,944,1273
3041_P1,3041-B4R_BTx406_Rio,1. P1-WOF-Fr.jpg,1753,989,1575
3041_P2,3041-B4R_BTx406_Rio,5. P2-WOF-Fr.jpg,1705,944,1303
3041_P3,3041-B4R_BTx406_Rio,9. P3-WOF-Fr.jpg,1408,931,1316
3041_P4,3041-B4R_BTx406_Rio,13. P4-WOF-Fr.jpg,2162,1038,1483
3045_P1,3045-SC283,1. P1-WOF-Fr.jpg,633,256,1159
3045_P2,3045-SC283,5. P2-WOF-Fr.jpg,1000,662,1233
3045_P3,3045-SC283,9. P3-WOF-Fr.jpg,1010,615,1228
3045_P4,3045-SC283,13. P4-WOF-Fr.jpg,486,264,1254
3049_P1,3049-BTx2752,1. P1-WOF-Fr.jpg,2072,2008,2529
3049_P2,3049-BTx2752,5. P2-WOF-Fr.jpg,1743,1917,2636
3049_P3,3049-BTx2752,9. P3-WOF-Fr.jpg,2191,2123,2981
3053_P1,3053-SC964,1. P1-WOF-Fr.jpg,1651,1024,1471
3053_P2,3053-SC964,5. P2-WOF-Fr.jpg,813,774,1554
3053_P3,3053-SC964,9. P3-WOF-Fr.jpg,1808,1316,1774
3053_P4,3053-SC964,13. P4-WOF-Fr.jpg,1441,1157,1683
3057_P1,3057-1790E_SC56_SC33,1. P1-WOF-Fr.jpg,494,525,1151
3057_P2,3057-1790E_SC56_SC33,5. P2-WOF-Fr.jpg,567,458,1246
3057_P3,3057-1790E_SC56_SC33,9. P3-WOF-Fr.jpg,714,631,1114
3057_P4,3057-1790E_SC56_SC33,13. P4-WOF-Fr.jpg,618,494,1075
3061_P1,3061-RTx2536,1. P1-WOF-Fr.jpg,2725,1483,1183
3061_P2,3061-RTx2536,5. P2-WOF-Fr.jpg,1917,1047,2017
3061_P3,3061-RTx2536,9. P3-WOF-Fr.jpg,1948,1225,1260
3061_P4,3061-RTx2536,13. P4-WOF-Fr.jpg,1909,1089,1348
3065_P1,3065-RTx430,1. P1-WOF-Fr.jpg,699,1006,1524
3065_P2,3065-RTx430,5. P2-WOF-Fr.jpg,1090,805,1711
3065_P3,3065-RTx430,9. P3-WOF-Fr.jpg,1033,1565,1694
3065_P4,3065-RTx430,13. P4-WOF-Fr.jpg,1650,1368,1617
3069_P1,3069-BTx2752,1. P1-WOF-Fr.jpg,2776,1900,2375
3069_P2,3069-BTx2752,5. P2-WOF-Fr.jpg,2991,1822,2600
3069_P3,3069-BTx2752,9. P3-WOF-Fr.jpg,2920,1823,2679
3069_P4,3069-BTx2752,13. P4-WOF-Fr.jpg,2935,1593,2279
3073_P1,3073-BTx615,1. P1-WOF-Fr.jpg,2166,1541,1808
3073_P2,3073-BTx615,5. P2-WOF-Fr.jpg,1700,1193,1462
3073_P3,3073-BTx615,9. P3-WOF-Fr.jpg,1442,1186,595
3073_P4,3073-BTx615,13. P4-WOF-Fr.jpg,2020,1260,1835
4005_P1,4005-SN_72_PINK_KAFIR,1. P1-WOF-Fr.jpg,1244,978,1110
4005_P2,4005-SN_72_PINK_KAFIR,5. P2-WOF-Fr.jpg,1418,1244,826
4005_P3,4005-SN_72_PINK_KAFIR,9. P3-WOF-Fr.jpg,1541,908,1208
4005_P4,4005-SN_72_PINK_KAFIR,13. P4-WOF-Fr.jpg,1955,1113,1279
4009_P1,4009-BTx615,1. P1-WOF-Fr.jpg,2017,1287,1961
4009_P2,4009-BTx615,5. P2-WOF-Fr.jpg,2056,1335,1794
4009_P3,4009-BTx615,9. P3-WOF-Fr.jpg,2091,1529,1817
4009_P4,4009-BTx615,13. P4-WOF-Fr.jpg,1985,1222,1597
4013_P1,4013-R11018,1. P1-WOF-Fr.jpg,1762,1316,1643
4013_P2,4013-R11018,5. P2-WOF-Fr.jpg,1761,1050,1389
4013_P3,4013-R11018,9. P3-WOF-Fr.jpg,1822,1263,1725
4013_P4,4013-R11018,13. P4-WOF-Fr.jpg,1461,1126,1876
4017_P1,4017-BTx2752,1. P1-WOF-Fr.jpg,2212,1468,1101
4017_P2,4017-BTx2752,5. P2-WOF-Fr.jpg,2288,1232,1688
4017_P3,4017-BTx2752,9. P3-WOF-Fr.jpg,2259,1360,1674
4017_P4,4017-BTx2752,13. P4-WOF-Fr.jpg,3034,1910,1971
4021_P1,4021-6085-9_STG4NIL,1. P1-WOF-Fr.jpg,1899,1473,1687
4021_P2,4021-6085-9_STG4NIL,5. P2-WOF-Fr.jpg,1453,1248,1725
4021_P3,4021-6085-9_STG4NIL,9. P3-WOF-Fr.jpg,1833,1336,1201
4021_P4,4021-6085-9_STG4NIL,13. P4-WOF-Fr.jpg,2110,1577,1879
4029_P1,4029-2290-19_Stg3NIL,1. P1-WOF-Fr.jpg,943,1109,1665
4029_P2,4029-2290-19_Stg3NIL,5. P2-WOF-Fr.jpg,964,996,1182
4029_P3,4029-2290-19_Stg3NIL,9. P3-WOF-Fr.jpg,1154,1451,1784
4029_P4,4029-2290-19_Stg3NIL,13. P4-WOF-Fr.jpg,1654,1393,1650
4033_P1,4033-SC56,1. P1-WOF-Fr.jpg,1000,801,979
4033_P2,4033-SC56,5. P2-WOF-Fr.jpg,711,636,997
4033_P3,4033-SC56,9. P3-WOF-Fr.jpg,598,502,1146
4033_P4,4033-SC56,13. P4-WOF-Fr.jpg,652,518,1018
4037_P1,4037-Macia,1. P1-WOF-Fr.jpg,2493,1581,2220
4037_P2,4037-Macia,5. P2-WOF-Fr.jpg,1904,1233,2079
4037_P3,4037-Macia,9. P3-WOF-Fr.jpg,2361,1625,2486
4037_P4,4037-Macia,13. P4-WOF-Fr.jpg,2308,1339,2230
4045_P1,4045-BTx615,1. P1-WOF-Fr.jpg,1495,1046,1810
4045_P2,4045-BTx615,5. P2-WOF-Fr.jpg,1113,750,1512
4045_P3,4045-BTx615,9. P3-WOF-Fr.jpg,1715,1161,1761
4045_P4,4045-BTx615,13. P4-WOF-Fr.jpg,915,948,1578
4049_P1,4049-B10001,1. P1-WOF-Fr.jpg,2023,1323,1528
4049_P2,4049-B10001,5. P2-WOF-Fr.jpg,1842,1053,923
4049_P3,4049-B10001,9. P3-WOF-Fr.jpg,1932,1184,1362
4049_P4,4049-B10001,13. P4-WOF-Fr.jpg,1592,1204,1290
4053_P2,4053-SC35-14E,5. P2-WOF-Fr.jpg,197,629,1230
4053_P3,4053-SC35-14E,9. P3-WOF-Fr.jpg,276,663,1136
4053_P4,4053-SC35-14E,13. P4-WOF-Fr.jpg,185,576,1226
4057_P1,4057-SC326-6,1. P1-WOF-Fr.jpg,2688,1432,1870
4057_P2,4057-SC326-6,5. P2-WOF-Fr.jpg,2732,1700,2175
4057_P3,4057-SC326-6,9. P3-WOF-Fr.jpg,2409,947,1648
4057_P4,4057-SC326-6,13. P4-WOF-Fr.jpg,2493,1069,1601
4061_P1,4061-KS19,1. P1-WOF-Fr.jpg,965,615,1053
4061_P2,4061-KS19,5. P2-WOF-Fr.jpg,1151,1179,1233
4061_P3,4061-KS19,9. P3-WOF-Fr.jpg,1297,866,1438
4061_P4,4061-KS19,13. P4-WOF-Fr.jpg,995,656,1053
4065_P1,4065-M10P0052_BTx623,1. P1-WOF-Fr.jpg,1000,1286,1478
4065_P2,4065-M10P0052_BTx623,5. P2-WOF-Fr.jpg,1260,1061,1396
4065_P3,4065-M10P0052_BTx623,9. P3-WOF-Fr.jpg,971,1074,1368
4065_P4,4065-M10P0052_BTx623,13. P4-WOF-Fr.jpg,1153,1185,1611
4069_P1,4069-Tx7000,1. P1-WOF-Fr.jpg,1643,1489,1658
4069_P2,4069-Tx7000,5. P2-WOF-Fr.jpg,1976,1685,1985
4069_P3,4069-Tx7000,9. P3-WOF-Fr.jpg,2013,1581,1939
4069_P4,4069-Tx7000,13. P4-WOF-Fr.jpg,1470,1503,1740
4073_P1,4073-BTx642_Tx7000,1. P1-WOF-Fr.jpg,1458,1330,1584
4073_P2,4073-BTx642_Tx7000,5. P2-WOF-Fr.jpg,1269,1203,1565
4073_P3,4073-BTx642_Tx7000,9. P3-WOF-Fr.jpg,1176,1204,1437
4073_P4,4073-BTx642_Tx7000,13. P4-WOF-Fr.jpg,1373,1357,1746
5005_P1,5005-SC35_14E,1. P1-WOF-Fr.jpg,1040,567,1162
5005_P2,5005-SC35_14E,5. P2-WOF-Fr.jpg,1258,799,1169
5005_P3,5005-SC35_14E,9. P3-WOF-Fr.jpg,1243,813,1610
5005_P4,5005-SC35_14E,13. P4-WOF-Fr.jpg,1588,1026,1609
5009_P1,5009-R9188,1. P1-WOF-Fr.jpg,2282,680,1521
5009_P2,5009-R9188,5. P2-WOF-Fr.jpg,1677,1023,1485
5009_P3,5009-R9188,9. P3-WOF-Fr.jpg,1968,1140,1701
5009_P4,5009-R9188,13. P4-WOF-Fr.jpg,2135,946,1575
5013_P1,5013-RTx2536,1. P1-WOF-Fr.jpg,1647,1424,1834
5013_P2,5013-RTx2536,5. P2-WOF-Fr.jpg,1812,1361,1545
5013_P3,5013-RTx2536,9. P3-WOF-Fr.jpg,1940,1366,1839
5013_P4,5013-RTx2536,13. P4-WOF-Fr.jpg,1800,1179,1619
5017_P1,5017BTx623_DW1,1. P1-WOF-Fr.jpg,1179,1052,1602
5017_P2,5017BTx623_DW1,5. P2-WOF-Fr.jpg,812,897,1708
5017_P3,5017BTx623_DW1,9. P3-WOF-Fr.jpg,1090,952,1592
5017_P4,5017BTx623_DW1,13. P4-WOF-Fr.jpg,1037,1034,1532
5021_P1,5021-96CD635,1. P1-WOF-Fr.jpg,2043,1364,1656
5021_P2,5021-96CD635,5. P2-WOF-Fr.jpg,1395,1031,1444
5021_P3,5021-96CD635,9. P3-WOF-Fr.jpg,1584,1157,1507
5021_P4,5021-96CD635,13. P4-WOF-Fr.jpg,1451,1028,1560
5025_P1,5025-BTx642_Tx7000NILStg1,1. P1-WOF-Fr.jpg,1814,1452,1669
5025_P2,5025-BTx642_Tx7000NILStg1,5. P2-WOF-Fr.jpg,1694,1278,1515
5025_P3,5025-BTx642_Tx7000NILStg1,9. P3-WOF-Fr.jpg,1664,1208,1270
5025_P4,5025-BTx642_Tx7000NILStg1,13. P4-WOF-Fr.jpg,2368,1481,1672
5029_P1,5029-RLBF1,1. P1-WOF-Fr.jpg,1394,1504,1721
5029_P2,5029-RLBF1,5. P2-WOF-Fr.jpg,973,1038,1205
5029_P3,5029-RLBF1,9. P3-WOF-Fr.jpg,1364,1444,1548
5029_P4,5029-RLBF1,13. P4-WOF-Fr.jpg,1721,1259,1540
5033_P1,5033-SC1154-14E,1. P1-WOF-Fr.jpg,587,331,1174
5033_P2,5033-SC1154-14E,5. P2-WOF-Fr.jpg,597,458,1313
5033_P3,5033-SC1154-14E,9. P3-WOF-Fr.jpg,346,293,1140
5033_P4,5033-SC1154-14E,13. P4-WOF-Fr.jpg,461,349,1327
5037_P1,5037-Tx7000,1. P1-WOF-Fr.jpg,1559,1285,1354
5037_P2,5037-Tx7000,5. P2-WOF-Fr.jpg,1707,1641,1896
5037_P3,5037-Tx7000,9. P3-WOF-Fr.jpg,2394,1557,1890
5037_P4,5037-Tx7000,13. P4-WOF-Fr.jpg,1717,1952,1978
5041_P1,5041-BTx623,1. P1-WOF-Fr.jpg,1186,824,1458
5041_P2,5041-BTx623,5. P2-WOF-Fr.jpg,1275,967,1773
5041_P3,5041-BTx623,9. P3-WOF-Fr.jpg,2489,1342,1990
5041_P4,5041-BTx623,13. P4-WOF-Fr.jpg,1261,784,1573
5045_P1,5045-6085-9,1. P1-WOF-Fr.jpg,1763,1459,1662
5045_P2,5045-6085-9,5. P2-WOF-Fr.jpg,1070,955,1259
5045_P3,5045-6085-9,9. P3-WOF-Fr.jpg,1254,1076,1397
5045_P4,5045-6085-9,13. P4-WOF-Fr.jpg,1734,1455,1582
5049_P1,5049-96CD635,1. P1-WOF-Fr.jpg,1332,884,1359
5049_P2,5049-96CD635,5. P2-WOF-Fr.jpg,1798,1477,1794
5049_P3,5049-96CD635,9. P3-WOF-Fr.jpg,945,893,1678
5049_P4,5049-96CD635,13. P4-WOF-Fr.jpg,1948,1381,1912
5053_P1,5053-96CD635,1. P1-WOF-Fr.jpg,1604,1205,1557
5053_P2,5053-96CD635,5. P2-WOF-Fr.jpg,2138,1481,1795
5053_P3,5053-96CD635,9. P3-WOF-Fr.jpg,1482,1191,1760
5053_P4,5053-96CD635,13. P4-WOF-Fr.jpg,2162,1382,2046
5057_P1,5057-Tx2882,1. P1-WOF-Fr.jpg,971,1154,1635
5057_P2,5057-Tx2882,5. P2-WOF-Fr.jpg,855,879,1360
5057_P3,5057-Tx2882,9. P3-WOF-Fr.jpg,1094,1169,1210
5057_P4,5057-Tx2882,13. P4-WOF-Fr.jpg,1093,973,1384
5061_P1,5061-BTx623,1. P1-WOF-Fr.jpg,1308,1137,1765
5061_P2,5061-BTx623,5. P2-WOF-Fr.jpg,1173,1006,1500
5061_P3,5061-BTx623,9. P3-WOF-Fr.jpg,1424,1562,1982
5061_P4,5061-BTx623,13. P4-WOF-Fr.jpg,1259,1402,1965
5069_P1,5069-RTx436,1. P1-WOF-Fr.jpg,2923,1556,2080
5069_P2,5069-RTx436,5. P2-WOF-Fr.jpg,2466,1537,2103
5069_P3,5069-RTx436,9. P3-WOF-Fr.jpg,2872,1453,1995
5069_P4,5069-RTx436,13. P4-WOF-Fr.jpg,2674,1372,2031
5073_P1,5073-B4R_BTx406_Rio,1. P1-WOF-Fr.jpg,2104,1317,1909
5073_P2,5073-B4R_BTx406_Rio,5. P2-WOF-Fr.jpg,1614,910,1426
5073_P3,5073-B4R_BTx406_Rio,9. P3-WOF-Fr.jpg,1751,995,1828
5073_P4,5073-B4R_BTx406_Rio,13. P4-WOF-Fr.jpg,1536,855,1485
6005_P1,6005-BTx623,1. P1-WOF-Fr.jpg,3765,900,2063
6005_P2,6005-BTx623,5. P2-WOF-Fr.jpg,2120,1159,1955
6005_P3,6005-BTx623,9. P3-WOF-Fr.jpg,2741,1836,2349
6005_P4,6005-BTx623,13. P4-WOF-Fr.jpg,2451,1897,2361
6009_P1,6009-B10001,1. P1-WOF-Fr.jpg,2445,915,1506
6009_P2,6009-B10001,5. P2-WOF-Fr.jpg,2241,1048,1738
6009_P3,6009-B10001,9. P3-WOF-Fr.jpg,2822,1617,2112
6009_P4,6009-B10001,13. P4-WOF-Fr.jpg,2041,1211,1588
6013_P1,6013-SC1154-14E,1. P1-WOF-Fr.jpg,1052,611,1459
6013_P2,6013-SC1154-14E,5. P2-WOF-Fr.jpg,1010,650,1389
6013_P3,6013-SC1154-14E,9. P3-WOF-Fr.jpg,1356,789,1404
6013_P4,6013-SC1154-14E,13. P4-WOF-Fr.jpg,1218,573,1755
6017_P1,6017-P898012,1. P1-WOF-Fr.jpg,1313,821,1293
6017_P2,6017-P898012,5. P2-WOF-Fr.jpg,1000,591,1479
6017_P3,6017-P898012,9. P3-WOF-Fr.jpg,1619,931,1631
6017_P4,6017-P898012,13. P4-WOF-Fr.jpg,1902,1027,2007
6021_P1,6021-B4R_BTx406_RIO,1. P1-WOF-Fr.jpg,1285,799,1634
6021_P2,6021-B4R_BTx406_RIO,5. P2-WOF-Fr.jpg,1927,1487,1727
6021_P3,6021-B4R_BTx406_RIO,9. P3-WOF-Fr.jpg,1388,844,1702
6021_P4,6021-B4R_BTx406_RIO,13. P4-WOF-Fr.jpg,1228,761,1452
6025_P1,6025-2290-19_Stg3NIL,1. P1-WOF-Fr.jpg,1628,1301,1869
6025_P2,6025-2290-19_Stg3NIL,5. P2-WOF-Fr.jpg,1930,1391,1838
6025_P3,6025-2290-19_Stg3NIL,9. P3-WOF-Fr.jpg,2552,1504,1997
6025_P4,6025-2290-19_Stg3NIL,13. P4-WOF-Fr.jpg,1788,1161,1737
6029_P1,6029-SN72_PinkKafir,1. P1-WOF-Fr.jpg,1617,950,1114
6029_P2,6029-SN72_PinkKafir,5. P2-WOF-Fr.jpg,1648,1241,1534
6029_P3,6029-SN72_PinkKafir,9. P3-WOF-Fr.jpg,1882,1211,1518
6029_P4,6029-SN72_PinkKafir,13. P4-WOF-Fr.jpg,2631,1590,1851
6033_P1,6033-SC328,1. P1-WOF-Fr.jpg,1051,1100,2167
6033_P2,6033-SC328,5. P2-WOF-Fr.jpg,896,896,2047
6033_P3,6033-SC328,9. P3-WOF-Fr.jpg,581,633,1704
6033_P4,6033-SC328,13. P4-WOF-Fr.jpg,1251,1311,2555
6037_P1,6037-SC348,1. P1-WOF-Fr.jpg,1172,601,1393
6037_P2,6037-SC348,5. P2-WOF-Fr.jpg,1355,1099,1305
6037_P3,6037-SC348,9. P3-WOF-Fr.jpg,980,767,1445
6037_P4,6037-SC348,13. P4-WOF-Fr.jpg,984,765,1151
6041_P1,6041-RTx2536,1. P1-WOF-Fr.jpg,1198,1330,1961
6041_P2,6041-RTx2536,5. P2-WOF-Fr.jpg,2033,1239,1943
6041_P3,6041-RTx2536,9. P3-WOF-Fr.jpg,1836,1089,1040
6041_P4,6041-RTx2536,13. P4-WOF-Fr.jpg,2698,1598,2123
6045_P1,6045-BTx623_DW1,1. P1-WOF-Fr.jpg,961,871,1811
6045_P2,6045-BTx623_DW1,5. P2-WOF-Fr.jpg,875,713,1535
6045_P3,6045-BTx623_DW1,9. P3-WOF-Fr.jpg,600,833,1776
6045_P4,6045-BTx623_DW1,13. P4-WOF-Fr.jpg,439,291,983
6049_P1,6049-SC326-6,1. P1-WOF-Fr.jpg,2441,1164,1747
6049_P2,6049-SC326-6,5. P2-WOF-Fr.jpg,2876,1041,1425
6049_P3,6049-SC326-6,9. P3-WOF-Fr.jpg,2943,1448,1680
6049_P4,6049-SC326-6,13. P4-WOF-Fr.jpg,3039,1232,1725
6053_P1,6053-SC1154-14E,1. P1-WOF-Fr.jpg,256,231,1034
6053_P2,6053-SC1154-14E,5. P2-WOF-Fr.jpg,445,515,1061
6053_P3,6053-SC1154-14E,9. P3-WOF-Fr.jpg,406,595,1027
6053_P4,6053-SC1154-14E,13. P4-WOF-Fr.jpg,553,596,1166
6057_P1,6057-BTx642,1. P1-WOF-Fr.jpg,442,417,1276
6057_P2,6057-BTx642,5. P2-WOF-Fr.jpg,526,297,1203
6057_P3,6057-BTx642,9. P3-WOF-Fr.jpg,521,327,1183
6057_P4,6057-BTx642,13. P4-WOF-Fr.jpg,1055,389,1384
6061_P1,6061-R11018,1. P1-WOF-Fr.jpg,1220,817,1442
6061_P2,6061-R11018,5. P2-WOF-Fr.jpg,1441,1374,2062
6061_P3,6061-R11018,9. P3-WOF-Fr.jpg,1480,1165,1712
6061_P4,6061-R11018,13. P4-WOF-Fr.jpg,1016,819,1556
6065_P1,6065-RTx430BL,1. P1-WOF-Fr.jpg,1334,1141,1739
6065_P2,6065-RTx430BL,5. P2-WOF-Fr.jpg,1208,1127,1913
6065_P3,6065-RTx430BL,9. P3-WOF-Fr.jpg,1079,1117,1745
6065_P4,6065-RTx430BL,13. P4-WOF-Fr.jpg,1117,1296,2048
6069_P1,6069-R9188,1. P1-WOF-Fr.jpg,1180,588,1100
6069_P2,6069-R9188,5. P2-WOF-Fr.jpg,1514,752,1449
6069_P3,6069-R9188,9. P3-WOF-Fr.jpg,1431,877,1453
6069_P4,6069-R9188,13. P4-WOF-Fr.jpg,1914,867,1376
6073_P1,6073-B10001,1. P1-WOF-Fr.jpg,1455,657,1552
6073_P2,6073-B10001,5. P2-WOF-Fr.jpg,2126,1252,2039
6073_P3,6073-B10001,9. P3-WOF-Fr.jpg,1785,1132,1781
6073_P4,6073-B10001,13. P4-WOF-Fr.jpg,1886,1107,1903
7005_P1,7005-SC328,1. P1-WOF-Fr.jpg,1970,1495,2654
7005_P2,7005-SC328,5. P2-WOF-Fr.jpg,2219,1647,3073
7005_P3,7005-SC328,9. P3-WOF-Fr.jpg,1217,953,2196
7005_P4,7005-SC328,13. P4-WOF-Fr.jpg,1383,1192,2466
7009_P1,7009-1790E_SC56_SC33,1. P1-WOF-Fr.jpg,1048,601,1264
7009_P2,7009-1790E_SC56_SC33,5. P2-WOF-Fr.jpg,995,517,1326
7009_P3,7009-1790E_SC56_SC33,9. P3-WOF-Fr.jpg,1588,879,1329
7009_P4,7009-1790E_SC56_SC33,13. P4-WOF-Fr.jpg,1473,980,1493
7013_P1,7013-Tx2882,1. P1-WOF-Fr.jpg,1734,1178,1576
7013_P2,7013-Tx2882,5. P2-WOF-Fr.jpg,1339,797,1306
7013_P3,7013-Tx2882,9. P3-WOF-Fr.jpg,1908,1057,1485
7013_P4,7013-Tx2882,13. P4-WOF-Fr.jpg,1598,1269,1613
7017_P1,7017BTx642,1. P1-WOF-Fr.jpg,901,206,986
7017_P2,7017BTx642,5. P2-WOF-Fr.jpg,640,470,1281
7017_P3,7017BTx642,9. P3-WOF-Fr.jpg,689,354,1527
7017_P4,7017BTx642,13. P4-WOF-Fr.jpg,713,1038,1634
7021_P1,7021-Macia,1. P1-WOF-Fr.jpg,3097,1740,2397
7021_P2,7021-Macia,5. P2-WOF-Fr.jpg,2158,1455,2209
7021_P3,7021-Macia,9. P3-WOF-Fr.jpg,2479,1675,2579
7021_P4,7021-Macia,13. P4-WOF-Fr.jpg,1963,1435,2228
7025_P1,7025-SC283,1. P1-WOF-Fr.jpg,1111,1017,1724
7025_P2,7025-SC283,5. P2-WOF-Fr.jpg,879,941,1698
7025_P3,7025-SC283,9. P3-WOF-Fr.jpg,661,1112,1535
7025_P4,7025-SC283,13. P4-WOF-Fr.jpg,802,449,1279
7029_P1,7029-SC964,1. P1-WOF-Fr.jpg,1155,1209,2283
7029_P2,7029-SC964,5. P2-WOF-Fr.jpg,860,871,2094
7029_P3,7029-SC964,9. P3-WOF-Fr.jpg,1354,1140,2442
7029_P4,7029-SC964,13. P4-WOF-Fr.jpg,996,956,2468
7033_P1,7033-M10P0052_BTx623,1. P1-WOF-Fr.jpg,867,834,1651
7033_P2,7033-M10P0052_BTx623,5. P2-WOF-Fr.jpg,1344,1014,1795
7033_P3,7033-M10P0052_BTx623,9. P3-WOF-Fr.jpg,1527,1132,1826
7033_P4,7033-M10P0052_BTx623,13. P4-WOF-Fr.jpg,1480,1238,1738
7037_P1,7037-Tx2882,1. P1-WOF-Fr.jpg,1733,1314,1456
7037_P2,7037-Tx2882,5. P2-WOF-Fr.jpg,1519,1128,1443
7037_P3,7037-Tx2882,9. P3-WOF-Fr.jpg,1541,1135,1608
7037_P4,7037-Tx2882,13. P4-WOF-Fr.jpg,964,961,1593
7041_P1,7041-BTx642,1. P1-WOF-Fr.jpg,65,65,853
7041_P2,7041-BTx642,5. P2-WOF-Fr.jpg,52,113,1070
7041_P3,7041-BTx642,9. P3-WOF-Fr.jpg,122,88,995
7041_P4,7041-BTx642,13. P4-WOF-Fr.jpg,181,175,1086
7045_P1,7045-BTx635_DW2,1. P1-WOF-Fr.jpg,1499,971,1989
7045_P2,7045-BTx635_DW2,5. P2-WOF-Fr.jpg,1431,1199,1984
7045_P3,7045-BTx635_DW2,9. P3-WOF-Fr.jpg,1260,1119,1918
7045_P4,7045-BTx635_DW2,13. P4-WOF-Fr.jpg,1882,1269,2040
7049_P1,7049-1790E_SC56_SC33,1. P1-WOF-Fr.jpg,929,818,1218
7049_P2,7049-1790E_SC56_SC33,5. P2-WOF-Fr.jpg,1006,942,1334
7049_P3,7049-1790E_SC56_SC33,9. P3-WOF-Fr.jpg,884,765,1284
7049_P4,7049-1790E_SC56_SC33,13. P4-WOF-Fr.jpg,901,865,1234
7053_P1,7053-RLBK1,1. P1-WOF-Fr.jpg,1319,937,1382
7053_P2,7053-RLBK1,5. P2-WOF-Fr.jpg,564,470,1267
7053_P3,7053-RLBK1,9. P3-WOF-Fr.jpg,860,654,1410
7053_P4,7053-RLBK1,13. P4-WOF-Fr.jpg,1961,1389,1742
7057_P1,7057-SC348,1. P1-WOF-Fr.jpg,1520,829,1003
7057_P2,7057-SC348,5. P2-WOF-Fr.jpg,1098,988,1399
7057_P3,7057-SC348,9. P3-WOF-Fr.jpg,671,530,1036
7057_P4,7057-SC348,13. P4-WOF-Fr.jpg,1621,1223,1301
7061_P1,7061-2219-3,1. P1-WOF-Fr.jpg,800,649,1358
7061_P2,7061-2219-3,5. P2-WOF-Fr.jpg,1723,1371,2117
7061_P3,7061-2219-3,9. P3-WOF-Fr.jpg,1358,1034,1763
7061_P4,7061-2219-3,13. P4-WOF-Fr.jpg,1743,1519,2212
7065_P1,7065-SN72_PINK_KAFIR,1. P1-WOF-Fr.jpg,1815,1109,1177
7065_P2,7065-SN72_PINK_KAFIR,5. P2-WOF-Fr.jpg,1775,1489,1608
7065_P3,7065-SN72_PINK_KAFIR,9. P3-WOF-Fr.jpg,1101,886,1283
7065_P4,7065-SN72_PINK_KAFIR,13. P4-WOF-Fr.jpg,1556,1123,1450
7069_P1,7069-2290-19,1. P1-WOF-Fr.jpg,1976,1964,1771
7069_P2,7069-2290-19,5. P2-WOF-Fr.jpg,1370,1288,1468
7069_P3,7069-2290-19,9. P3-WOF-Fr.jpg,1165,1237,1334
7069_P4,7069-2290-19,13. P4-WOF-Fr.jpg,1421,1479,1553
7073_P1,7073-BTx635_DW2,1. P1-WOF-Fr.jpg,1765,1494,2171
7073_P2,7073-BTx635_DW2,5. P2-WOF-Fr.jpg,1000,1055,1740
7073_P3,7073-BTx635_DW2,9. P3-WOF-Fr.jpg,1905,1281,1373
7073_P4,7073-BTx635_DW2,13. P4-WOF-Fr.jpg,1341,906,1553
