id,plot_x,img_name_x,Mach_Count_x,Pan_Count,Reg_Count,plot_y,img_name_y,Mach_Count_y,Spr_Count_Adj
2005_P1,2005-SC964,1. P1-WOF-Fr.jpg,2400,1389,2167,2005-SC964,1. P1-WOF-Fr.jpg,2400,2449
2005_P2,2005-SC964,5. P2-WOF-Fr.jpg,1436,952,1708,2005-SC964,5. P2-WOF-Fr.jpg,1436,1611
2005_P3,2005-SC964,9. P3-WOF-Fr.jpg,1815,1237,1941,2005-SC964,9. P3-WOF-Fr.jpg,1815,1917
2005_P4,2005-SC964,13. P4-WOF-Fr.jpg,1704,1526,2346,2005-SC964,13. P4-WOF-Fr.jpg,1704,2046
2009_P1,2009-RTx430BL,1. P1-WOF-Fr.jpg,604,791,1499,2009-RTx430BL,1. P1-WOF-Fr.jpg,604,676
2009_P2,2009-RTx430BL,5. P2-WOF-Fr.jpg,869,760,1331,2009-RTx430BL,5. P2-WOF-Fr.jpg,869,996
2009_P3,2009-RTx430BL,9. P3-WOF-Fr.jpg,865,631,1160,2009-RTx430BL,9. P3-WOF-Fr.jpg,865,934
2009_P4,2009-RTx430BL,13. P4-WOF-Fr.jpg,1189,784,1246,2009-RTx430BL,13. P4-WOF-Fr.jpg,1189,1468
2013_P1,2013-Tx7000,1. P1-WOF-Fr.jpg,2076,1305,1744,2013-Tx7000,1. P1-WOF-Fr.jpg,2076,2086
2013_P2,2013-Tx7000,5. P2-WOF-Fr.jpg,2613,1889,1986,2013-Tx7000,5. P2-WOF-Fr.jpg,2613,2794
2013_P3,2013-Tx7000,9. P3-WOF-Fr.jpg,2274,1487,1936,2013-Tx7000,9. P3-WOF-Fr.jpg,2274,2456
2013_P4,2013-Tx7000,13. P4-WOF-Fr.jpg,2135,1609,1924,2013-Tx7000,13. P4-WOF-Fr.jpg,2135,2273
2017_P1,2017-RLBK1,1. P1-WOF-Fr.jpg,311,294,1127,2017-RLBK1,1. P1-WOF-Fr.jpg,311,394
2017_P2,2017-RLBK1,5. P2-WOF-Fr.jpg,641,376,1137,2017-RLBK1,5. P2-WOF-Fr.jpg,641,421
2017_P3,2017-RLBK1,9. P3-WOF-Fr.jpg,973,748,1657,2017-RLBK1,9. P3-WOF-Fr.jpg,973,1126
2017_P4,2017-RLBK1,13. P4-WOF-Fr.jpg,859,523,1172,2017-RLBK1,13. P4-WOF-Fr.jpg,859,966
2021_P1,2021-SC326-6,1. P1-WOF-Fr.jpg,3389,1123,2019,2021-SC326-6,1. P1-WOF-Fr.jpg,3389,2876
2021_P2,2021-SC326-6,5. P2-WOF-Fr.jpg,3462,1451,2003,2021-SC326-6,5. P2-WOF-Fr.jpg,3462,3357
2021_P3,2021-SC326-6,9. P3-WOF-Fr.jpg,2640,1354,2021,2021-SC326-6,9. P3-WOF-Fr.jpg,2640,2917
2021_P4,2021-SC326-6,13. P4-WOF-Fr.jpg,1980,1205,1431,2021-SC326-6,13. P4-WOF-Fr.jpg,1980,2227
2025_P1,2025-RTx430,1. P1-WOF-Fr.jpg,1197,942,1344,2025-RTx430,1. P1-WOF-Fr.jpg,1197,1419
2025_P2,2025-RTx430,5. P2-WOF-Fr.jpg,1030,1022,1496,2025-RTx430,5. P2-WOF-Fr.jpg,1030,1333
2025_P3,2025-RTx430,9. P3-WOF-Fr.jpg,867,943,1441,2025-RTx430,9. P3-WOF-Fr.jpg,867,1122
2025_P4,2025-RTx430,13. P4-WOF-Fr.jpg,1248,1105,1418,2025-RTx430,13. P4-WOF-Fr.jpg,1248,1539
2029_P1,2029-RTx436,1. P1-WOF-Fr.jpg,3370,1844,2570,2029-RTx436,1. P1-WOF-Fr.jpg,3370,3360
2029_P2,2029-RTx436,5. P2-WOF-Fr.jpg,2346,1698,2204,2029-RTx436,5. P2-WOF-Fr.jpg,2346,2323
2029_P3,2029-RTx436,9. P3-WOF-Fr.jpg,2707,1918,2188,2029-RTx436,9. P3-WOF-Fr.jpg,2707,2804
2029_P4,2029-RTx436,13. P4-WOF-Fr.jpg,2359,1295,1474,2029-RTx436,13. P4-WOF-Fr.jpg,2359,2675
2033_P1,2033-R11018,1. P1-WOF-Fr.jpg,1024,952,2079,2033-R11018,1. P1-WOF-Fr.jpg,1024,1132
2033_P2,2033-R11018,5. P2-WOF-Fr.jpg,1045,1145,2077,2033-R11018,5. P2-WOF-Fr.jpg,1045,1151
2033_P3,2033-R11018,9. P3-WOF-Fr.jpg,1573,1342,2081,2033-R11018,9. P3-WOF-Fr.jpg,1573,1991
2033_P4,2033-R11018,13. P4-WOF-Fr.jpg,1084,733,1221,2033-R11018,13. P4-WOF-Fr.jpg,1084,1391
2037_P1,2037-2219-3_Stg2NIL,1. P1-WOF-Fr.jpg,2033,803,1523,2037-2219-3_Stg2NIL,1. P1-WOF-Fr.jpg,2033,1978
2037_P2,2037-2219-3_Stg2NIL,5. P2-WOF-Fr.jpg,1996,1691,2319,2037-2219-3_Stg2NIL,5. P2-WOF-Fr.jpg,1996,2153
2037_P3,2037-2219-3_Stg2NIL,9. P3-WOF-Fr.jpg,1830,1640,2501,2037-2219-3_Stg2NIL,9. P3-WOF-Fr.jpg,1830,1799
2037_P4,2037-2219-3_Stg2NIL,13. P4-WOF-Fr.jpg,2065,1535,2592,2037-2219-3_Stg2NIL,13. P4-WOF-Fr.jpg,2065,2007
2041_P1,2041-RTx430BL,1. P1-WOF-Fr.jpg,1359,968,1237,2041-RTx430BL,1. P1-WOF-Fr.jpg,1359,1527
2041_P2,2041-RTx430BL,5. P2-WOF-Fr.jpg,1419,911,1306,2041-RTx430BL,5. P2-WOF-Fr.jpg,1419,1137
2041_P3,2041-RTx430BL,9. P3-WOF-Fr.jpg,1359,780,1251,2041-RTx430BL,9. P3-WOF-Fr.jpg,1359,1123
2041_P4,2041-RTx430BL,13. P4-WOF-Fr.jpg,548,633,1158,2041-RTx430BL,13. P4-WOF-Fr.jpg,548,643
2045_P1,2045-SC35-14E,1. P1-WOF-Fr.jpg,431,485,1094,2045-SC35-14E,1. P1-WOF-Fr.jpg,431,447
2045_P2,2045-SC35-14E,5. P2-WOF-Fr.jpg,465,408,1064,2045-SC35-14E,5. P2-WOF-Fr.jpg,465,750
2045_P3,2045-SC35-14E,9. P3-WOF-Fr.jpg,189,339,1199,2045-SC35-14E,9. P3-WOF-Fr.jpg,189,254
2045_P4,2045-SC35-14E,13. P4-WOF-Fr.jpg,338,650,1408,2045-SC35-14E,13. P4-WOF-Fr.jpg,338,282
2049_P1,2049-BTx642_Tx7000,1. P1-WOF-Fr.jpg,1127,1477,1837,2049-BTx642_Tx7000,1. P1-WOF-Fr.jpg,1127,1572
2049_P2,2049-BTx642_Tx7000,5. P2-WOF-Fr.jpg,1316,1437,1826,2049-BTx642_Tx7000,5. P2-WOF-Fr.jpg,1316,1392
2049_P3,2049-BTx642_Tx7000,9. P3-WOF-Fr.jpg,2369,2016,2286,2049-BTx642_Tx7000,9. P3-WOF-Fr.jpg,2369,2385
2049_P4,2049-BTx642_Tx7000,13. P4-WOF-Fr.jpg,1784,1540,2252,2049-BTx642_Tx7000,13. P4-WOF-Fr.jpg,1784,1561
2053_P1,2053-BTx623,1. P1-WOF-Fr.jpg,1415,1343,2129,2053-BTx623,1. P1-WOF-Fr.jpg,1415,1415
2053_P2,2053-BTx623,5. P2-WOF-Fr.jpg,1185,972,1703,2053-BTx623,5. P2-WOF-Fr.jpg,1185,1346
2053_P3,2053-BTx623,9. P3-WOF-Fr.jpg,1698,1300,2077,2053-BTx623,9. P3-WOF-Fr.jpg,1698,1541
2053_P4,2053-BTx623,13. P4-WOF-Fr.jpg,1525,1095,1900,2053-BTx623,13. P4-WOF-Fr.jpg,1525,1701
2057_P1,2057-Macia,1. P1-WOF-Fr.jpg,1813,1014,1775,2057-Macia,1. P1-WOF-Fr.jpg,1813,1756
2057_P2,2057-Macia,5. P2-WOF-Fr.jpg,1606,1349,1971,2057-Macia,5. P2-WOF-Fr.jpg,1606,1636
2057_P3,2057-Macia,9. P3-WOF-Fr.jpg,2080,1449,2080,2057-Macia,9. P3-WOF-Fr.jpg,2080,1992
2057_P4,2057-Macia,13. P4-WOF-Fr.jpg,1178,1399,2083,2057-Macia,13. P4-WOF-Fr.jpg,1178,1697
2061_P1,2061-SC283,1. P1-WOF-Fr.jpg,255,196,1113,2061-SC283,1. P1-WOF-Fr.jpg,255,496
2061_P2,2061-SC283,5. P2-WOF-Fr.jpg,416,580,1503,2061-SC283,5. P2-WOF-Fr.jpg,416,424
2061_P3,2061-SC283,9. P3-WOF-Fr.jpg,932,660,1489,2061-SC283,9. P3-WOF-Fr.jpg,932,1268
2065_P1,2065-SC56,1. P1-WOF-Fr.jpg,1280,1118,1365,2065-SC56,1. P1-WOF-Fr.jpg,1280,1156
2065_P2,2065-SC56,5. P2-WOF-Fr.jpg,740,621,1019,2065-SC56,5. P2-WOF-Fr.jpg,740,971
2065_P3,2065-SC56,9. P3-WOF-Fr.jpg,1336,1138,1391,2065-SC56,9. P3-WOF-Fr.jpg,1336,1054
2065_P4,2065-SC56,13. P4-WOF-Fr.jpg,1124,999,1290,2065-SC56,13. P4-WOF-Fr.jpg,1124,996
2069_P1,2069-6085-9,1. P1-WOF-Fr.jpg,2057,1640,1234,2069-6085-9,1. P1-WOF-Fr.jpg,2057,2136
2069_P2,2069-6085-9,5. P2-WOF-Fr.jpg,1611,1538,1703,2069-6085-9,5. P2-WOF-Fr.jpg,1611,1852
2069_P3,2069-6085-9,9. P3-WOF-Fr.jpg,2334,1748,1681,2069-6085-9,9. P3-WOF-Fr.jpg,2334,2376
2069_P4,2069-6085-9,13. P4-WOF-Fr.jpg,1274,2367,2240,2069-6085-9,13. P4-WOF-Fr.jpg,1274,1378
2073_P1,2073-SC328,1. P1-WOF-Fr.jpg,1757,1333,1888,2073-SC328,1. P1-WOF-Fr.jpg,1757,1768
2073_P2,2073-SC328,5. P2-WOF-Fr.jpg,1864,1292,1976,2073-SC328,5. P2-WOF-Fr.jpg,1864,1621
2073_P3,2073-SC328,9. P3-WOF-Fr.jpg,1832,1486,2314,2073-SC328,9. P3-WOF-Fr.jpg,1832,1748
2073_P4,2073-SC328,13. P4-WOF-Fr.jpg,2084,1527,2337,2073-SC328,13. P4-WOF-Fr.jpg,2084,2025
3005_P1,3005-BTx635_DW2,1. P1-WOF-Fr.jpg,1905,1346,2187,3005-BTx635_DW2,1. P1-WOF-Fr.jpg,1905,2007
3005_P2,3005-BTx635_DW2,5. P2-WOF-Fr.jpg,1710,1378,1637,3005-BTx635_DW2,5. P2-WOF-Fr.jpg,1710,1809
3005_P3,3005-BTx635_DW2,9. P3-WOF-Fr.jpg,1278,988,1875,3005-BTx635_DW2,9. P3-WOF-Fr.jpg,1278,1370
3005_P4,3005-BTx635_DW2,13. P4-WOF-Fr.jpg,1590,970,1738,3005-BTx635_DW2,13. P4-WOF-Fr.jpg,1590,1686
3009_P1,3009-M10P0052_BTx623,1. P1-WOF-Fr.jpg,2255,1407,1834,3009-M10P0052_BTx623,1. P1-WOF-Fr.jpg,2255,2373
3009_P2,3009-M10P0052_BTx623,5. P2-WOF-Fr.jpg,1282,1055,1481,3009-M10P0052_BTx623,5. P2-WOF-Fr.jpg,1282,1465
3009_P3,3009-M10P0052_BTx623,9. P3-WOF-Fr.jpg,2460,1323,1924,3009-M10P0052_BTx623,9. P3-WOF-Fr.jpg,2460,2626
3009_P4,3009-M10P0052_BTx623,13. P4-WOF-Fr.jpg,2241,1052,1662,3009-M10P0052_BTx623,13. P4-WOF-Fr.jpg,2241,2322
3013_P1,3013-SC56,1. P1-WOF-Fr.jpg,1306,1049,1683,3013-SC56,1. P1-WOF-Fr.jpg,1306,1408
3013_P2,3013-SC56,5. P2-WOF-Fr.jpg,1162,794,1781,3013-SC56,5. P2-WOF-Fr.jpg,1162,1264
3013_P3,3013-SC56,9. P3-WOF-Fr.jpg,1316,960,1554,3013-SC56,9. P3-WOF-Fr.jpg,1316,1332
3013_P4,3013-SC56,13. P4-WOF-Fr.jpg,1509,1204,1673,3013-SC56,13. P4-WOF-Fr.jpg,1509,1481
3017_P1,3017-KS19,1. P1-WOF-Fr.jpg,2108,815,1361,3017-KS19,1. P1-WOF-Fr.jpg,2108,2040
3017_P2,3017-KS19,5. P2-WOF-Fr.jpg,2053,1079,1590,3017-KS19,5. P2-WOF-Fr.jpg,2053,1907
3017_P3,3017-KS19,9. P3-WOF-Fr.jpg,2504,685,1522,3017-KS19,9. P3-WOF-Fr.jpg,2504,2306
3017_P4,3017-KS19,13. P4-WOF-Fr.jpg,1678,1294,1673,3017-KS19,13. P4-WOF-Fr.jpg,1678,1752
3021_P1,3021-SC328,1. P1-WOF-Fr.jpg,1698,829,1122,3021-SC328,1. P1-WOF-Fr.jpg,1698,1870
3021_P2,3021-SC328,5. P2-WOF-Fr.jpg,1681,1211,1283,3021-SC328,5. P2-WOF-Fr.jpg,1681,1909
3021_P3,3021-SC328,9. P3-WOF-Fr.jpg,2097,1380,1310,3021-SC328,9. P3-WOF-Fr.jpg,2097,2319
3021_P4,3021-SC328,13. P4-WOF-Fr.jpg,1650,991,1358,3021-SC328,13. P4-WOF-Fr.jpg,1650,1772
3025_P1,3025-2219-3_Stg2NIL,1. P1-WOF-Fr.jpg,1942,1260,2020,3025-2219-3_Stg2NIL,1. P1-WOF-Fr.jpg,1942,2131
3025_P2,3025-2219-3_Stg2NIL,5. P2-WOF-Fr.jpg,2270,1852,2692,3025-2219-3_Stg2NIL,5. P2-WOF-Fr.jpg,2270,2473
3025_P3,3025-2219-3_Stg2NIL,9. P3-WOF-Fr.jpg,1892,1232,2112,3025-2219-3_Stg2NIL,9. P3-WOF-Fr.jpg,1892,2056
3025_P4,3025-2219-3_Stg2NIL,13. P4-WOF-Fr.jpg,1757,1060,1960,3025-2219-3_Stg2NIL,13. P4-WOF-Fr.jpg,1757,1975
3029_P1,3029-KS19,1. P1-WOF-Fr.jpg,1013,1107,1544,3029-KS19,1. P1-WOF-Fr.jpg,1013,1388
3029_P2,3029-KS19,5. P2-WOF-Fr.jpg,1118,1251,1664,3029-KS19,5. P2-WOF-Fr.jpg,1118,1334
3029_P3,3029-KS19,9. P3-WOF-Fr.jpg,1001,1032,1603,3029-KS19,9. P3-WOF-Fr.jpg,1001,798
3029_P4,3029-KS19,13. P4-WOF-Fr.jpg,758,1467,1671,3029-KS19,13. P4-WOF-Fr.jpg,758,1011
3033_P2,3033-P898012,5. P2-WOF-Fr.jpg,1001,887,1662,3033-P898012,5. P2-WOF-Fr.jpg,1001,1081
3033_P4,3033-P898012,13. P4-WOF-Fr.jpg,1064,966,1662,3033-P898012,13. P4-WOF-Fr.jpg,1064,1077
3037_P1,3037-RTx430,1. P1-WOF-Fr.jpg,1015,930,1805,3037-RTx430,1. P1-WOF-Fr.jpg,1015,1298
3037_P2,3037-RTx430,5. P2-WOF-Fr.jpg,1392,1397,1527,3037-RTx430,5. P2-WOF-Fr.jpg,1392,1718
3037_P3,3037-RTx430,9. P3-WOF-Fr.jpg,852,917,1152,3037-RTx430,9. P3-WOF-Fr.jpg,852,1219
3037_P4,3037-RTx430,13. P4-WOF-Fr.jpg,1669,944,1273,3037-RTx430,13. P4-WOF-Fr.jpg,1669,1579
3041_P1,3041-B4R_BTx406_Rio,1. P1-WOF-Fr.jpg,1753,989,1575,3041-B4R_BTx406_Rio,1. P1-WOF-Fr.jpg,1753,1762
3041_P2,3041-B4R_BTx406_Rio,5. P2-WOF-Fr.jpg,1705,944,1303,3041-B4R_BTx406_Rio,5. P2-WOF-Fr.jpg,1705,1851
3041_P3,3041-B4R_BTx406_Rio,9. P3-WOF-Fr.jpg,1408,931,1316,3041-B4R_BTx406_Rio,9. P3-WOF-Fr.jpg,1408,1721
3041_P4,3041-B4R_BTx406_Rio,13. P4-WOF-Fr.jpg,2162,1038,1483,3041-B4R_BTx406_Rio,13. P4-WOF-Fr.jpg,2162,2090
3045_P1,3045-SC283,1. P1-WOF-Fr.jpg,633,256,1159,3045-SC283,1. P1-WOF-Fr.jpg,633,796
3045_P2,3045-SC283,5. P2-WOF-Fr.jpg,1000,662,1233,3045-SC283,5. P2-WOF-Fr.jpg,1000,932
3045_P3,3045-SC283,9. P3-WOF-Fr.jpg,1010,615,1228,3045-SC283,9. P3-WOF-Fr.jpg,1010,922
3045_P4,3045-SC283,13. P4-WOF-Fr.jpg,486,264,1254,3045-SC283,13. P4-WOF-Fr.jpg,486,870
3049_P1,3049-BTx2752,1. P1-WOF-Fr.jpg,2072,2008,2529,3049-BTx2752,1. P1-WOF-Fr.jpg,2072,2387
3049_P2,3049-BTx2752,5. P2-WOF-Fr.jpg,1743,1917,2636,3049-BTx2752,5. P2-WOF-Fr.jpg,1743,1802
3049_P3,3049-BTx2752,9. P3-WOF-Fr.jpg,2191,2123,2981,3049-BTx2752,9. P3-WOF-Fr.jpg,2191,2420
3053_P1,3053-SC964,1. P1-WOF-Fr.jpg,1651,1024,1471,3053-SC964,1. P1-WOF-Fr.jpg,1651,1810
3053_P2,3053-SC964,5. P2-WOF-Fr.jpg,813,774,1554,3053-SC964,5. P2-WOF-Fr.jpg,813,861
3053_P3,3053-SC964,9. P3-WOF-Fr.jpg,1808,1316,1774,3053-SC964,9. P3-WOF-Fr.jpg,1808,1949
3053_P4,3053-SC964,13. P4-WOF-Fr.jpg,1441,1157,1683,3053-SC964,13. P4-WOF-Fr.jpg,1441,1865
3057_P1,3057-1790E_SC56_SC33,1. P1-WOF-Fr.jpg,494,525,1151,3057-1790E_SC56_SC33,1. P1-WOF-Fr.jpg,494,703
3057_P2,3057-1790E_SC56_SC33,5. P2-WOF-Fr.jpg,567,458,1246,3057-1790E_SC56_SC33,5. P2-WOF-Fr.jpg,567,1097
3057_P3,3057-1790E_SC56_SC33,9. P3-WOF-Fr.jpg,714,631,1114,3057-1790E_SC56_SC33,9. P3-WOF-Fr.jpg,714,368
3057_P4,3057-1790E_SC56_SC33,13. P4-WOF-Fr.jpg,618,494,1075,3057-1790E_SC56_SC33,13. P4-WOF-Fr.jpg,618,989
3061_P1,3061-RTx2536,1. P1-WOF-Fr.jpg,2725,1483,1183,3061-RTx2536,1. P1-WOF-Fr.jpg,2725,2705
3061_P2,3061-RTx2536,5. P2-WOF-Fr.jpg,1917,1047,2017,3061-RTx2536,5. P2-WOF-Fr.jpg,1917,1910
3061_P3,3061-RTx2536,9. P3-WOF-Fr.jpg,1948,1225,1260,3061-RTx2536,9. P3-WOF-Fr.jpg,1948,2017
3061_P4,3061-RTx2536,13. P4-WOF-Fr.jpg,1909,1089,1348,3061-RTx2536,13. P4-WOF-Fr.jpg,1909,1556
3065_P1,3065-RTx430,1. P1-WOF-Fr.jpg,699,1006,1524,3065-RTx430,1. P1-WOF-Fr.jpg,699,847
3065_P2,3065-RTx430,5. P2-WOF-Fr.jpg,1090,805,1711,3065-RTx430,5. P2-WOF-Fr.jpg,1090,1312
3065_P3,3065-RTx430,9. P3-WOF-Fr.jpg,1033,1565,1694,3065-RTx430,9. P3-WOF-Fr.jpg,1033,1492
3065_P4,3065-RTx430,13. P4-WOF-Fr.jpg,1650,1368,1617,3065-RTx430,13. P4-WOF-Fr.jpg,1650,1628
3069_P1,3069-BTx2752,1. P1-WOF-Fr.jpg,2776,1900,2375,3069-BTx2752,1. P1-WOF-Fr.jpg,2776,2566
3069_P2,3069-BTx2752,5. P2-WOF-Fr.jpg,2991,1822,2600,3069-BTx2752,5. P2-WOF-Fr.jpg,2991,2820
3069_P3,3069-BTx2752,9. P3-WOF-Fr.jpg,2920,1823,2679,3069-BTx2752,9. P3-WOF-Fr.jpg,2920,3048
3069_P4,3069-BTx2752,13. P4-WOF-Fr.jpg,2935,1593,2279,3069-BTx2752,13. P4-WOF-Fr.jpg,2935,2940
3073_P1,3073-BTx615,1. P1-WOF-Fr.jpg,2166,1541,1808,3073-BTx615,1. P1-WOF-Fr.jpg,2166,2083
3073_P2,3073-BTx615,5. P2-WOF-Fr.jpg,1700,1193,1462,3073-BTx615,5. P2-WOF-Fr.jpg,1700,1884
3073_P3,3073-BTx615,9. P3-WOF-Fr.jpg,1442,1186,595,3073-BTx615,9. P3-WOF-Fr.jpg,1442,1570
3073_P4,3073-BTx615,13. P4-WOF-Fr.jpg,2020,1260,1835,3073-BTx615,13. P4-WOF-Fr.jpg,2020,2261
4005_P1,4005-SN_72_PINK_KAFIR,1. P1-WOF-Fr.jpg,1244,978,1110,4005-SN_72_PINK_KAFIR,1. P1-WOF-Fr.jpg,1244,1304
4005_P2,4005-SN_72_PINK_KAFIR,5. P2-WOF-Fr.jpg,1418,1244,826,4005-SN_72_PINK_KAFIR,5. P2-WOF-Fr.jpg,1418,1489
4005_P3,4005-SN_72_PINK_KAFIR,9. P3-WOF-Fr.jpg,1541,908,1208,4005-SN_72_PINK_KAFIR,9. P3-WOF-Fr.jpg,1541,1612
4005_P4,4005-SN_72_PINK_KAFIR,13. P4-WOF-Fr.jpg,1955,1113,1279,4005-SN_72_PINK_KAFIR,13. P4-WOF-Fr.jpg,1955,1968
4009_P1,4009-BTx615,1. P1-WOF-Fr.jpg,2017,1287,1961,4009-BTx615,1. P1-WOF-Fr.jpg,2017,2126
4009_P2,4009-BTx615,5. P2-WOF-Fr.jpg,2056,1335,1794,4009-BTx615,5. P2-WOF-Fr.jpg,2056,2226
4009_P3,4009-BTx615,9. P3-WOF-Fr.jpg,2091,1529,1817,4009-BTx615,9. P3-WOF-Fr.jpg,2091,2196
4009_P4,4009-BTx615,13. P4-WOF-Fr.jpg,1985,1222,1597,4009-BTx615,13. P4-WOF-Fr.jpg,1985,2160
4013_P1,4013-R11018,1. P1-WOF-Fr.jpg,1762,1316,1643,4013-R11018,1. P1-WOF-Fr.jpg,1762,1825
4013_P2,4013-R11018,5. P2-WOF-Fr.jpg,1761,1050,1389,4013-R11018,5. P2-WOF-Fr.jpg,1761,1864
4013_P3,4013-R11018,9. P3-WOF-Fr.jpg,1822,1263,1725,4013-R11018,9. P3-WOF-Fr.jpg,1822,1939
4013_P4,4013-R11018,13. P4-WOF-Fr.jpg,1461,1126,1876,4013-R11018,13. P4-WOF-Fr.jpg,1461,1744
4017_P1,4017-BTx2752,1. P1-WOF-Fr.jpg,2212,1468,1101,4017-BTx2752,1. P1-WOF-Fr.jpg,2212,2299
4017_P2,4017-BTx2752,5. P2-WOF-Fr.jpg,2288,1232,1688,4017-BTx2752,5. P2-WOF-Fr.jpg,2288,2401
4017_P3,4017-BTx2752,9. P3-WOF-Fr.jpg,2259,1360,1674,4017-BTx2752,9. P3-WOF-Fr.jpg,2259,2407
4017_P4,4017-BTx2752,13. P4-WOF-Fr.jpg,3034,1910,1971,4017-BTx2752,13. P4-WOF-Fr.jpg,3034,3112
4021_P1,4021-6085-9_STG4NIL,1. P1-WOF-Fr.jpg,1899,1473,1687,4021-6085-9_STG4NIL,1. P1-WOF-Fr.jpg,1899,2056
4021_P2,4021-6085-9_STG4NIL,5. P2-WOF-Fr.jpg,1453,1248,1725,4021-6085-9_STG4NIL,5. P2-WOF-Fr.jpg,1453,1580
4021_P3,4021-6085-9_STG4NIL,9. P3-WOF-Fr.jpg,1833,1336,1201,4021-6085-9_STG4NIL,9. P3-WOF-Fr.jpg,1833,2025
4021_P4,4021-6085-9_STG4NIL,13. P4-WOF-Fr.jpg,2110,1577,1879,4021-6085-9_STG4NIL,13. P4-WOF-Fr.jpg,2110,2217
4029_P1,4029-2290-19_Stg3NIL,1. P1-WOF-Fr.jpg,943,1109,1665,4029-2290-19_Stg3NIL,1. P1-WOF-Fr.jpg,943,964
4029_P2,4029-2290-19_Stg3NIL,5. P2-WOF-Fr.jpg,964,996,1182,4029-2290-19_Stg3NIL,5. P2-WOF-Fr.jpg,964,1060
4029_P3,4029-2290-19_Stg3NIL,9. P3-WOF-Fr.jpg,1154,1451,1784,4029-2290-19_Stg3NIL,9. P3-WOF-Fr.jpg,1154,1215
4029_P4,4029-2290-19_Stg3NIL,13. P4-WOF-Fr.jpg,1654,1393,1650,4029-2290-19_Stg3NIL,13. P4-WOF-Fr.jpg,1654,1438
4033_P1,4033-SC56,1. P1-WOF-Fr.jpg,1000,801,979,4033-SC56,1. P1-WOF-Fr.jpg,1000,1220
4033_P2,4033-SC56,5. P2-WOF-Fr.jpg,711,636,997,4033-SC56,5. P2-WOF-Fr.jpg,711,957
4033_P3,4033-SC56,9. P3-WOF-Fr.jpg,598,502,1146,4033-SC56,9. P3-WOF-Fr.jpg,598,804
4033_P4,4033-SC56,13. P4-WOF-Fr.jpg,652,518,1018,4033-SC56,13. P4-WOF-Fr.jpg,652,802
4037_P1,4037-Macia,1. P1-WOF-Fr.jpg,2493,1581,2220,4037-Macia,1. P1-WOF-Fr.jpg,2493,2191
4037_P2,4037-Macia,5. P2-WOF-Fr.jpg,1904,1233,2079,4037-Macia,5. P2-WOF-Fr.jpg,1904,1873
4037_P3,4037-Macia,9. P3-WOF-Fr.jpg,2361,1625,2486,4037-Macia,9. P3-WOF-Fr.jpg,2361,2294
4037_P4,4037-Macia,13. P4-WOF-Fr.jpg,2308,1339,2230,4037-Macia,13. P4-WOF-Fr.jpg,2308,2153
4045_P1,4045-BTx615,1. P1-WOF-Fr.jpg,1495,1046,1810,4045-BTx615,1. P1-WOF-Fr.jpg,1495,1564
4045_P2,4045-BTx615,5. P2-WOF-Fr.jpg,1113,750,1512,4045-BTx615,5. P2-WOF-Fr.jpg,1113,1342
4045_P3,4045-BTx615,9. P3-WOF-Fr.jpg,1715,1161,1761,4045-BTx615,9. P3-WOF-Fr.jpg,1715,2180
4045_P4,4045-BTx615,13. P4-WOF-Fr.jpg,915,948,1578,4045-BTx615,13. P4-WOF-Fr.jpg,915,1119
4049_P1,4049-B10001,1. P1-WOF-Fr.jpg,2023,1323,1528,4049-B10001,1. P1-WOF-Fr.jpg,2023,2118
4049_P2,4049-B10001,5. P2-WOF-Fr.jpg,1842,1053,923,4049-B10001,5. P2-WOF-Fr.jpg,1842,1889
4049_P3,4049-B10001,9. P3-WOF-Fr.jpg,1932,1184,1362,4049-B10001,9. P3-WOF-Fr.jpg,1932,1590
4049_P4,4049-B10001,13. P4-WOF-Fr.jpg,1592,1204,1290,4049-B10001,13. P4-WOF-Fr.jpg,1592,1678
4053_P2,4053-SC35-14E,5. P2-WOF-Fr.jpg,197,629,1230,4053-SC35-14E,5. P2-WOF-Fr.jpg,197,460
4053_P3,4053-SC35-14E,9. P3-WOF-Fr.jpg,276,663,1136,4053-SC35-14E,9. P3-WOF-Fr.jpg,276,1023
4053_P4,4053-SC35-14E,13. P4-WOF-Fr.jpg,185,576,1226,4053-SC35-14E,13. P4-WOF-Fr.jpg,185,397
4057_P1,4057-SC326-6,1. P1-WOF-Fr.jpg,2688,1432,1870,4057-SC326-6,1. P1-WOF-Fr.jpg,2688,2716
4057_P2,4057-SC326-6,5. P2-WOF-Fr.jpg,2732,1700,2175,4057-SC326-6,5. P2-WOF-Fr.jpg,2732,2686
4057_P3,4057-SC326-6,9. P3-WOF-Fr.jpg,2409,947,1648,4057-SC326-6,9. P3-WOF-Fr.jpg,2409,2167
4057_P4,4057-SC326-6,13. P4-WOF-Fr.jpg,2493,1069,1601,4057-SC326-6,13. P4-WOF-Fr.jpg,2493,2716
4061_P1,4061-KS19,1. P1-WOF-Fr.jpg,965,615,1053,4061-KS19,1. P1-WOF-Fr.jpg,965,1282
4061_P2,4061-KS19,5. P2-WOF-Fr.jpg,1151,1179,1233,4061-KS19,5. P2-WOF-Fr.jpg,1151,1455
4061_P3,4061-KS19,9. P3-WOF-Fr.jpg,1297,866,1438,4061-KS19,9. P3-WOF-Fr.jpg,1297,1235
4061_P4,4061-KS19,13. P4-WOF-Fr.jpg,995,656,1053,4061-KS19,13. P4-WOF-Fr.jpg,995,1443
4065_P1,4065-M10P0052_BTx623,1. P1-WOF-Fr.jpg,1000,1286,1478,4065-M10P0052_BTx623,1. P1-WOF-Fr.jpg,1000,871
4065_P2,4065-M10P0052_BTx623,5. P2-WOF-Fr.jpg,1260,1061,1396,4065-M10P0052_BTx623,5. P2-WOF-Fr.jpg,1260,1510
4065_P3,4065-M10P0052_BTx623,9. P3-WOF-Fr.jpg,971,1074,1368,4065-M10P0052_BTx623,9. P3-WOF-Fr.jpg,971,1583
4065_P4,4065-M10P0052_BTx623,13. P4-WOF-Fr.jpg,1153,1185,1611,4065-M10P0052_BTx623,13. P4-WOF-Fr.jpg,1153,1091
4069_P1,4069-Tx7000,1. P1-WOF-Fr.jpg,1643,1489,1658,4069-Tx7000,1. P1-WOF-Fr.jpg,1643,1612
4069_P2,4069-Tx7000,5. P2-WOF-Fr.jpg,1976,1685,1985,4069-Tx7000,5. P2-WOF-Fr.jpg,1976,2044
4069_P3,4069-Tx7000,9. P3-WOF-Fr.jpg,2013,1581,1939,4069-Tx7000,9. P3-WOF-Fr.jpg,2013,1953
4069_P4,4069-Tx7000,13. P4-WOF-Fr.jpg,1470,1503,1740,4069-Tx7000,13. P4-WOF-Fr.jpg,1470,1257
4073_P1,4073-BTx642_Tx7000,1. P1-WOF-Fr.jpg,1458,1330,1584,4073-BTx642_Tx7000,1. P1-WOF-Fr.jpg,1458,1579
4073_P2,4073-BTx642_Tx7000,5. P2-WOF-Fr.jpg,1269,1203,1565,4073-BTx642_Tx7000,5. P2-WOF-Fr.jpg,1269,1179
4073_P3,4073-BTx642_Tx7000,9. P3-WOF-Fr.jpg,1176,1204,1437,4073-BTx642_Tx7000,9. P3-WOF-Fr.jpg,1176,1412
4073_P4,4073-BTx642_Tx7000,13. P4-WOF-Fr.jpg,1373,1357,1746,4073-BTx642_Tx7000,13. P4-WOF-Fr.jpg,1373,1301
5005_P1,5005-SC35_14E,1. P1-WOF-Fr.jpg,1040,567,1162,5005-SC35_14E,1. P1-WOF-Fr.jpg,1040,1161
5005_P2,5005-SC35_14E,5. P2-WOF-Fr.jpg,1258,799,1169,5005-SC35_14E,5. P2-WOF-Fr.jpg,1258,1423
5005_P3,5005-SC35_14E,9. P3-WOF-Fr.jpg,1243,813,1610,5005-SC35_14E,9. P3-WOF-Fr.jpg,1243,1379
5005_P4,5005-SC35_14E,13. P4-WOF-Fr.jpg,1588,1026,1609,5005-SC35_14E,13. P4-WOF-Fr.jpg,1588,1748
5009_P1,5009-R9188,1. P1-WOF-Fr.jpg,2282,680,1521,5009-R9188,1. P1-WOF-Fr.jpg,2282,1700
5009_P2,5009-R9188,5. P2-WOF-Fr.jpg,1677,1023,1485,5009-R9188,5. P2-WOF-Fr.jpg,1677,1769
5009_P3,5009-R9188,9. P3-WOF-Fr.jpg,1968,1140,1701,5009-R9188,9. P3-WOF-Fr.jpg,1968,2146
5009_P4,5009-R9188,13. P4-WOF-Fr.jpg,2135,946,1575,5009-R9188,13. P4-WOF-Fr.jpg,2135,2137
5013_P1,5013-RTx2536,1. P1-WOF-Fr.jpg,1647,1424,1834,5013-RTx2536,1. P1-WOF-Fr.jpg,1647,1774
5013_P2,5013-RTx2536,5. P2-WOF-Fr.jpg,1812,1361,1545,5013-RTx2536,5. P2-WOF-Fr.jpg,1812,1966
5013_P3,5013-RTx2536,9. P3-WOF-Fr.jpg,1940,1366,1839,5013-RTx2536,9. P3-WOF-Fr.jpg,1940,2100
5013_P4,5013-RTx2536,13. P4-WOF-Fr.jpg,1800,1179,1619,5013-RTx2536,13. P4-WOF-Fr.jpg,1800,1880
5017_P1,5017BTx623_DW1,1. P1-WOF-Fr.jpg,1179,1052,1602,5017BTx623_DW1,1. P1-WOF-Fr.jpg,1179,1211
5017_P2,5017BTx623_DW1,5. P2-WOF-Fr.jpg,812,897,1708,5017BTx623_DW1,5. P2-WOF-Fr.jpg,812,872
5017_P3,5017BTx623_DW1,9. P3-WOF-Fr.jpg,1090,952,1592,5017BTx623_DW1,9. P3-WOF-Fr.jpg,1090,1143
5017_P4,5017BTx623_DW1,13. P4-WOF-Fr.jpg,1037,1034,1532,5017BTx623_DW1,13. P4-WOF-Fr.jpg,1037,1070
5021_P1,5021-96CD635,1. P1-WOF-Fr.jpg,2043,1364,1656,5021-96CD635,1. P1-WOF-Fr.jpg,2043,2164
5021_P2,5021-96CD635,5. P2-WOF-Fr.jpg,1395,1031,1444,5021-96CD635,5. P2-WOF-Fr.jpg,1395,1485
5021_P3,5021-96CD635,9. P3-WOF-Fr.jpg,1584,1157,1507,5021-96CD635,9. P3-WOF-Fr.jpg,1584,1644
5021_P4,5021-96CD635,13. P4-WOF-Fr.jpg,1451,1028,1560,,,,
5025_P1,5025-BTx642_Tx7000NILStg1,1. P1-WOF-Fr.jpg,1814,1452,1669,5025-BTx642_Tx7000NILStg1,1. P1-WOF-Fr.jpg,1814,1851
5025_P2,5025-BTx642_Tx7000NILStg1,5. P2-WOF-Fr.jpg,1694,1278,1515,5025-BTx642_Tx7000NILStg1,5. P2-WOF-Fr.jpg,1694,1754
5025_P3,5025-BTx642_Tx7000NILStg1,9. P3-WOF-Fr.jpg,1664,1208,1270,5025-BTx642_Tx7000NILStg1,9. P3-WOF-Fr.jpg,1664,1707
5025_P4,5025-BTx642_Tx7000NILStg1,13. P4-WOF-Fr.jpg,2368,1481,1672,5025-BTx642_Tx7000NILStg1,13. P4-WOF-Fr.jpg,2368,2438
5029_P1,5029-RLBF1,1. P1-WOF-Fr.jpg,1394,1504,1721,5029-RLBF1,1. P1-WOF-Fr.jpg,1394,1826
5029_P2,5029-RLBF1,5. P2-WOF-Fr.jpg,973,1038,1205,5029-RLBF1,5. P2-WOF-Fr.jpg,973,974
5029_P3,5029-RLBF1,9. P3-WOF-Fr.jpg,1364,1444,1548,5029-RLBF1,9. P3-WOF-Fr.jpg,1364,1415
5029_P4,5029-RLBF1,13. P4-WOF-Fr.jpg,1721,1259,1540,5029-RLBF1,13. P4-WOF-Fr.jpg,1721,1965
5033_P1,5033-SC1154-14E,1. P1-WOF-Fr.jpg,587,331,1174,5033-SC1154-14E,1. P1-WOF-Fr.jpg,587,540
5033_P2,5033-SC1154-14E,5. P2-WOF-Fr.jpg,597,458,1313,5033-SC1154-14E,5. P2-WOF-Fr.jpg,597,849
5033_P3,5033-SC1154-14E,9. P3-WOF-Fr.jpg,346,293,1140,5033-SC1154-14E,9. P3-WOF-Fr.jpg,346,848
5033_P4,5033-SC1154-14E,13. P4-WOF-Fr.jpg,461,349,1327,5033-SC1154-14E,13. P4-WOF-Fr.jpg,461,351
5037_P1,5037-Tx7000,1. P1-WOF-Fr.jpg,1559,1285,1354,5037-Tx7000,1. P1-WOF-Fr.jpg,1559,1692
5037_P2,5037-Tx7000,5. P2-WOF-Fr.jpg,1707,1641,1896,5037-Tx7000,5. P2-WOF-Fr.jpg,1707,1839
5037_P3,5037-Tx7000,9. P3-WOF-Fr.jpg,2394,1557,1890,5037-Tx7000,9. P3-WOF-Fr.jpg,2394,2554
5037_P4,5037-Tx7000,13. P4-WOF-Fr.jpg,1717,1952,1978,5037-Tx7000,13. P4-WOF-Fr.jpg,1717,1540
5041_P1,5041-BTx623,1. P1-WOF-Fr.jpg,1186,824,1458,5041-BTx623,1. P1-WOF-Fr.jpg,1186,1053
5041_P2,5041-BTx623,5. P2-WOF-Fr.jpg,1275,967,1773,5041-BTx623,5. P2-WOF-Fr.jpg,1275,1510
5041_P3,5041-BTx623,9. P3-WOF-Fr.jpg,2489,1342,1990,5041-BTx623,9. P3-WOF-Fr.jpg,2489,2539
5041_P4,5041-BTx623,13. P4-WOF-Fr.jpg,1261,784,1573,5041-BTx623,13. P4-WOF-Fr.jpg,1261,1442
5045_P1,5045-6085-9,1. P1-WOF-Fr.jpg,1763,1459,1662,5045-6085-9,1. P1-WOF-Fr.jpg,1763,1906
5045_P2,5045-6085-9,5. P2-WOF-Fr.jpg,1070,955,1259,5045-6085-9,5. P2-WOF-Fr.jpg,1070,1081
5045_P3,5045-6085-9,9. P3-WOF-Fr.jpg,1254,1076,1397,5045-6085-9,9. P3-WOF-Fr.jpg,1254,1432
5045_P4,5045-6085-9,13. P4-WOF-Fr.jpg,1734,1455,1582,5045-6085-9,13. P4-WOF-Fr.jpg,1734,1869
5049_P1,5049-96CD635,1. P1-WOF-Fr.jpg,1332,884,1359,5049-96CD635,1. P1-WOF-Fr.jpg,1332,1306
5049_P2,5049-96CD635,5. P2-WOF-Fr.jpg,1798,1477,1794,5049-96CD635,5. P2-WOF-Fr.jpg,1798,2249
5049_P3,5049-96CD635,9. P3-WOF-Fr.jpg,945,893,1678,5049-96CD635,9. P3-WOF-Fr.jpg,945,1207
5049_P4,5049-96CD635,13. P4-WOF-Fr.jpg,1948,1381,1912,5049-96CD635,13. P4-WOF-Fr.jpg,1948,1754
5053_P1,5053-96CD635,1. P1-WOF-Fr.jpg,1604,1205,1557,5053-96CD635,1. P1-WOF-Fr.jpg,1604,1829
5053_P2,5053-96CD635,5. P2-WOF-Fr.jpg,2138,1481,1795,5053-96CD635,5. P2-WOF-Fr.jpg,2138,1967
5053_P3,5053-96CD635,9. P3-WOF-Fr.jpg,1482,1191,1760,5053-96CD635,9. P3-WOF-Fr.jpg,1482,1747
5053_P4,5053-96CD635,13. P4-WOF-Fr.jpg,2162,1382,2046,5053-96CD635,13. P4-WOF-Fr.jpg,2162,2426
5057_P1,5057-Tx2882,1. P1-WOF-Fr.jpg,971,1154,1635,5057-Tx2882,1. P1-WOF-Fr.jpg,971,965
5057_P2,5057-Tx2882,5. P2-WOF-Fr.jpg,855,879,1360,5057-Tx2882,5. P2-WOF-Fr.jpg,855,1228
5057_P3,5057-Tx2882,9. P3-WOF-Fr.jpg,1094,1169,1210,5057-Tx2882,9. P3-WOF-Fr.jpg,1094,1327
5057_P4,5057-Tx2882,13. P4-WOF-Fr.jpg,1093,973,1384,5057-Tx2882,13. P4-WOF-Fr.jpg,1093,1410
5061_P1,5061-BTx623,1. P1-WOF-Fr.jpg,1308,1137,1765,5061-BTx623,1. P1-WOF-Fr.jpg,1308,1821
5061_P2,5061-BTx623,5. P2-WOF-Fr.jpg,1173,1006,1500,5061-BTx623,5. P2-WOF-Fr.jpg,1173,1262
5061_P3,5061-BTx623,9. P3-WOF-Fr.jpg,1424,1562,1982,5061-BTx623,9. P3-WOF-Fr.jpg,1424,1380
5061_P4,5061-BTx623,13. P4-WOF-Fr.jpg,1259,1402,1965,5061-BTx623,13. P4-WOF-Fr.jpg,1259,1206
5069_P1,5069-RTx436,1. P1-WOF-Fr.jpg,2923,1556,2080,5069-RTx436,1. P1-WOF-Fr.jpg,2923,2695
5069_P2,5069-RTx436,5. P2-WOF-Fr.jpg,2466,1537,2103,5069-RTx436,5. P2-WOF-Fr.jpg,2466,2442
5069_P3,5069-RTx436,9. P3-WOF-Fr.jpg,2872,1453,1995,5069-RTx436,9. P3-WOF-Fr.jpg,2872,2887
5069_P4,5069-RTx436,13. P4-WOF-Fr.jpg,2674,1372,2031,5069-RTx436,13. P4-WOF-Fr.jpg,2674,2699
5073_P1,5073-B4R_BTx406_Rio,1. P1-WOF-Fr.jpg,2104,1317,1909,5073-B4R_BTx406_Rio,1. P1-WOF-Fr.jpg,2104,2307
5073_P2,5073-B4R_BTx406_Rio,5. P2-WOF-Fr.jpg,1614,910,1426,5073-B4R_BTx406_Rio,5. P2-WOF-Fr.jpg,1614,1705
5073_P3,5073-B4R_BTx406_Rio,9. P3-WOF-Fr.jpg,1751,995,1828,5073-B4R_BTx406_Rio,9. P3-WOF-Fr.jpg,1751,2123
5073_P4,5073-B4R_BTx406_Rio,13. P4-WOF-Fr.jpg,1536,855,1485,5073-B4R_BTx406_Rio,13. P4-WOF-Fr.jpg,1536,1579
6005_P1,6005-BTx623,1. P1-WOF-Fr.jpg,3765,900,2063,6005-BTx623,1. P1-WOF-Fr.jpg,3765,1676
6005_P2,6005-BTx623,5. P2-WOF-Fr.jpg,2120,1159,1955,6005-BTx623,5. P2-WOF-Fr.jpg,2120,2142
6005_P3,6005-BTx623,9. P3-WOF-Fr.jpg,2741,1836,2349,6005-BTx623,9. P3-WOF-Fr.jpg,2741,2796
6005_P4,6005-BTx623,13. P4-WOF-Fr.jpg,2451,1897,2361,6005-BTx623,13. P4-WOF-Fr.jpg,2451,2527
6009_P1,6009-B10001,1. P1-WOF-Fr.jpg,2445,915,1506,6009-B10001,1. P1-WOF-Fr.jpg,2445,2544
6009_P2,6009-B10001,5. P2-WOF-Fr.jpg,2241,1048,1738,6009-B10001,5. P2-WOF-Fr.jpg,2241,2359
6009_P3,6009-B10001,9. P3-WOF-Fr.jpg,2822,1617,2112,6009-B10001,9. P3-WOF-Fr.jpg,2822,2976
6009_P4,6009-B10001,13. P4-WOF-Fr.jpg,2041,1211,1588,6009-B10001,13. P4-WOF-Fr.jpg,2041,2087
6013_P1,6013-SC1154-14E,1. P1-WOF-Fr.jpg,1052,611,1459,6013-SC1154-14E,1. P1-WOF-Fr.jpg,1052,1087
6013_P2,6013-SC1154-14E,5. P2-WOF-Fr.jpg,1010,650,1389,6013-SC1154-14E,5. P2-WOF-Fr.jpg,1010,1047
6013_P3,6013-SC1154-14E,9. P3-WOF-Fr.jpg,1356,789,1404,6013-SC1154-14E,9. P3-WOF-Fr.jpg,1356,1398
6013_P4,6013-SC1154-14E,13. P4-WOF-Fr.jpg,1218,573,1755,6013-SC1154-14E,13. P4-WOF-Fr.jpg,1218,1264
6017_P1,6017-P898012,1. P1-WOF-Fr.jpg,1313,821,1293,6017-P898012,1. P1-WOF-Fr.jpg,1313,1358
6017_P2,6017-P898012,5. P2-WOF-Fr.jpg,1000,591,1479,6017-P898012,5. P2-WOF-Fr.jpg,1000,1053
6017_P3,6017-P898012,9. P3-WOF-Fr.jpg,1619,931,1631,6017-P898012,9. P3-WOF-Fr.jpg,1619,1690
6017_P4,6017-P898012,13. P4-WOF-Fr.jpg,1902,1027,2007,6017-P898012,13. P4-WOF-Fr.jpg,1902,1958
6021_P1,6021-B4R_BTx406_RIO,1. P1-WOF-Fr.jpg,1285,799,1634,6021-B4R_BTx406_RIO,1. P1-WOF-Fr.jpg,1285,1358
6021_P2,6021-B4R_BTx406_RIO,5. P2-WOF-Fr.jpg,1927,1487,1727,6021-B4R_BTx406_RIO,5. P2-WOF-Fr.jpg,1927,2001
6021_P3,6021-B4R_BTx406_RIO,9. P3-WOF-Fr.jpg,1388,844,1702,6021-B4R_BTx406_RIO,9. P3-WOF-Fr.jpg,1388,1451
6021_P4,6021-B4R_BTx406_RIO,13. P4-WOF-Fr.jpg,1228,761,1452,6021-B4R_BTx406_RIO,13. P4-WOF-Fr.jpg,1228,1315
6025_P1,6025-2290-19_Stg3NIL,1. P1-WOF-Fr.jpg,1628,1301,1869,6025-2290-19_Stg3NIL,1. P1-WOF-Fr.jpg,1628,1767
6025_P2,6025-2290-19_Stg3NIL,5. P2-WOF-Fr.jpg,1930,1391,1838,6025-2290-19_Stg3NIL,5. P2-WOF-Fr.jpg,1930,2016
6025_P3,6025-2290-19_Stg3NIL,9. P3-WOF-Fr.jpg,2552,1504,1997,6025-2290-19_Stg3NIL,9. P3-WOF-Fr.jpg,2552,2713
6025_P4,6025-2290-19_Stg3NIL,13. P4-WOF-Fr.jpg,1788,1161,1737,6025-2290-19_Stg3NIL,13. P4-WOF-Fr.jpg,1788,1966
6029_P1,6029-SN72_PinkKafir,1. P1-WOF-Fr.jpg,1617,950,1114,6029-SN72_PinkKafir,1. P1-WOF-Fr.jpg,1617,2264
6029_P2,6029-SN72_PinkKafir,5. P2-WOF-Fr.jpg,1648,1241,1534,6029-SN72_PinkKafir,5. P2-WOF-Fr.jpg,1648,1861
6029_P3,6029-SN72_PinkKafir,9. P3-WOF-Fr.jpg,1882,1211,1518,6029-SN72_PinkKafir,9. P3-WOF-Fr.jpg,1882,1764
6029_P4,6029-SN72_PinkKafir,13. P4-WOF-Fr.jpg,2631,1590,1851,6029-SN72_PinkKafir,13. P4-WOF-Fr.jpg,2631,2384
6033_P1,6033-SC328,1. P1-WOF-Fr.jpg,1051,1100,2167,6033-SC328,1. P1-WOF-Fr.jpg,1051,1303
6033_P2,6033-SC328,5. P2-WOF-Fr.jpg,896,896,2047,6033-SC328,5. P2-WOF-Fr.jpg,896,1021
6033_P3,6033-SC328,9. P3-WOF-Fr.jpg,581,633,1704,6033-SC328,9. P3-WOF-Fr.jpg,581,934
6033_P4,6033-SC328,13. P4-WOF-Fr.jpg,1251,1311,2555,6033-SC328,13. P4-WOF-Fr.jpg,1251,1478
6037_P1,6037-SC348,1. P1-WOF-Fr.jpg,1172,601,1393,6037-SC348,1. P1-WOF-Fr.jpg,1172,1296
6037_P2,6037-SC348,5. P2-WOF-Fr.jpg,1355,1099,1305,6037-SC348,5. P2-WOF-Fr.jpg,1355,1299
6037_P3,6037-SC348,9. P3-WOF-Fr.jpg,980,767,1445,6037-SC348,9. P3-WOF-Fr.jpg,980,830
6037_P4,6037-SC348,13. P4-WOF-Fr.jpg,984,765,1151,6037-SC348,13. P4-WOF-Fr.jpg,984,1053
6041_P1,6041-RTx2536,1. P1-WOF-Fr.jpg,1198,1330,1961,6041-RTx2536,1. P1-WOF-Fr.jpg,1198,1510
6041_P2,6041-RTx2536,5. P2-WOF-Fr.jpg,2033,1239,1943,6041-RTx2536,5. P2-WOF-Fr.jpg,2033,2118
6041_P3,6041-RTx2536,9. P3-WOF-Fr.jpg,1836,1089,1040,6041-RTx2536,9. P3-WOF-Fr.jpg,1836,1644
6041_P4,6041-RTx2536,13. P4-WOF-Fr.jpg,2698,1598,2123,6041-RTx2536,13. P4-WOF-Fr.jpg,2698,2699
6045_P1,6045-BTx623_DW1,1. P1-WOF-Fr.jpg,961,871,1811,6045-BTx623_DW1,1. P1-WOF-Fr.jpg,961,1203
6045_P2,6045-BTx623_DW1,5. P2-WOF-Fr.jpg,875,713,1535,6045-BTx623_DW1,5. P2-WOF-Fr.jpg,875,867
6045_P3,6045-BTx623_DW1,9. P3-WOF-Fr.jpg,600,833,1776,6045-BTx623_DW1,9. P3-WOF-Fr.jpg,600,836
6045_P4,6045-BTx623_DW1,13. P4-WOF-Fr.jpg,439,291,983,6045-BTx623_DW1,13. P4-WOF-Fr.jpg,439,674
6049_P1,6049-SC326-6,1. P1-WOF-Fr.jpg,2441,1164,1747,6049-SC326-6,1. P1-WOF-Fr.jpg,2441,2201
6049_P2,6049-SC326-6,5. P2-WOF-Fr.jpg,2876,1041,1425,6049-SC326-6,5. P2-WOF-Fr.jpg,2876,2894
6049_P3,6049-SC326-6,9. P3-WOF-Fr.jpg,2943,1448,1680,6049-SC326-6,9. P3-WOF-Fr.jpg,2943,2995
6049_P4,6049-SC326-6,13. P4-WOF-Fr.jpg,3039,1232,1725,6049-SC326-6,13. P4-WOF-Fr.jpg,3039,3187
6053_P1,6053-SC1154-14E,1. P1-WOF-Fr.jpg,256,231,1034,6053-SC1154-14E,1. P1-WOF-Fr.jpg,256,716
6053_P2,6053-SC1154-14E,5. P2-WOF-Fr.jpg,445,515,1061,6053-SC1154-14E,5. P2-WOF-Fr.jpg,445,384
6053_P3,6053-SC1154-14E,9. P3-WOF-Fr.jpg,406,595,1027,6053-SC1154-14E,9. P3-WOF-Fr.jpg,406,440
6053_P4,6053-SC1154-14E,13. P4-WOF-Fr.jpg,553,596,1166,6053-SC1154-14E,13. P4-WOF-Fr.jpg,553,869
6057_P1,6057-BTx642,1. P1-WOF-Fr.jpg,442,417,1276,6057-BTx642,1. P1-WOF-Fr.jpg,442,770
6057_P2,6057-BTx642,5. P2-WOF-Fr.jpg,526,297,1203,6057-BTx642,5. P2-WOF-Fr.jpg,526,845
6057_P3,6057-BTx642,9. P3-WOF-Fr.jpg,521,327,1183,6057-BTx642,9. P3-WOF-Fr.jpg,521,1526
6057_P4,6057-BTx642,13. P4-WOF-Fr.jpg,1055,389,1384,6057-BTx642,13. P4-WOF-Fr.jpg,1055,1325
6061_P1,6061-R11018,1. P1-WOF-Fr.jpg,1220,817,1442,6061-R11018,1. P1-WOF-Fr.jpg,1220,1587
6061_P2,6061-R11018,5. P2-WOF-Fr.jpg,1441,1374,2062,6061-R11018,5. P2-WOF-Fr.jpg,1441,1745
6061_P3,6061-R11018,9. P3-WOF-Fr.jpg,1480,1165,1712,6061-R11018,9. P3-WOF-Fr.jpg,1480,1718
6061_P4,6061-R11018,13. P4-WOF-Fr.jpg,1016,819,1556,6061-R11018,13. P4-WOF-Fr.jpg,1016,1108
6065_P1,6065-RTx430BL,1. P1-WOF-Fr.jpg,1334,1141,1739,6065-RTx430BL,1. P1-WOF-Fr.jpg,1334,1611
6065_P2,6065-RTx430BL,5. P2-WOF-Fr.jpg,1208,1127,1913,6065-RTx430BL,5. P2-WOF-Fr.jpg,1208,1184
6065_P3,6065-RTx430BL,9. P3-WOF-Fr.jpg,1079,1117,1745,6065-RTx430BL,9. P3-WOF-Fr.jpg,1079,1180
6065_P4,6065-RTx430BL,13. P4-WOF-Fr.jpg,1117,1296,2048,6065-RTx430BL,13. P4-WOF-Fr.jpg,1117,1163
6069_P1,6069-R9188,1. P1-WOF-Fr.jpg,1180,588,1100,6069-R9188,1. P1-WOF-Fr.jpg,1180,1335
6069_P2,6069-R9188,5. P2-WOF-Fr.jpg,1514,752,1449,6069-R9188,5. P2-WOF-Fr.jpg,1514,2090
6069_P3,6069-R9188,9. P3-WOF-Fr.jpg,1431,877,1453,6069-R9188,9. P3-WOF-Fr.jpg,1431,1157
6069_P4,6069-R9188,13. P4-WOF-Fr.jpg,1914,867,1376,6069-R9188,13. P4-WOF-Fr.jpg,1914,2109
6073_P1,6073-B10001,1. P1-WOF-Fr.jpg,1455,657,1552,6073-B10001,1. P1-WOF-Fr.jpg,1455,1231
6073_P2,6073-B10001,5. P2-WOF-Fr.jpg,2126,1252,2039,6073-B10001,5. P2-WOF-Fr.jpg,2126,2059
6073_P3,6073-B10001,9. P3-WOF-Fr.jpg,1785,1132,1781,6073-B10001,9. P3-WOF-Fr.jpg,1785,2078
6073_P4,6073-B10001,13. P4-WOF-Fr.jpg,1886,1107,1903,6073-B10001,13. P4-WOF-Fr.jpg,1886,1957
7005_P1,7005-SC328,1. P1-WOF-Fr.jpg,1970,1495,2654,7005-SC328,1. P1-WOF-Fr.jpg,1970,2068
7005_P2,7005-SC328,5. P2-WOF-Fr.jpg,2219,1647,3073,7005-SC328,5. P2-WOF-Fr.jpg,2219,2292
7005_P3,7005-SC328,9. P3-WOF-Fr.jpg,1217,953,2196,7005-SC328,9. P3-WOF-Fr.jpg,1217,1344
7005_P4,7005-SC328,13. P4-WOF-Fr.jpg,1383,1192,2466,7005-SC328,13. P4-WOF-Fr.jpg,1383,1506
7009_P1,7009-1790E_SC56_SC33,1. P1-WOF-Fr.jpg,1048,601,1264,7009-1790E_SC56_SC33,1. P1-WOF-Fr.jpg,1048,1160
7009_P2,7009-1790E_SC56_SC33,5. P2-WOF-Fr.jpg,995,517,1326,7009-1790E_SC56_SC33,5. P2-WOF-Fr.jpg,995,1094
7009_P3,7009-1790E_SC56_SC33,9. P3-WOF-Fr.jpg,1588,879,1329,7009-1790E_SC56_SC33,9. P3-WOF-Fr.jpg,1588,1670
7009_P4,7009-1790E_SC56_SC33,13. P4-WOF-Fr.jpg,1473,980,1493,7009-1790E_SC56_SC33,13. P4-WOF-Fr.jpg,1473,1606
7013_P1,7013-Tx2882,1. P1-WOF-Fr.jpg,1734,1178,1576,7013-Tx2882,1. P1-WOF-Fr.jpg,1734,1848
7013_P2,7013-Tx2882,5. P2-WOF-Fr.jpg,1339,797,1306,7013-Tx2882,5. P2-WOF-Fr.jpg,1339,1479
7013_P3,7013-Tx2882,9. P3-WOF-Fr.jpg,1908,1057,1485,7013-Tx2882,9. P3-WOF-Fr.jpg,1908,2022
7013_P4,7013-Tx2882,13. P4-WOF-Fr.jpg,1598,1269,1613,7013-Tx2882,13. P4-WOF-Fr.jpg,1598,1684
7017_P1,7017BTx642,1. P1-WOF-Fr.jpg,901,206,986,7017BTx642,1. P1-WOF-Fr.jpg,901,1003
7017_P2,7017BTx642,5. P2-WOF-Fr.jpg,640,470,1281,7017BTx642,5. P2-WOF-Fr.jpg,640,716
7017_P3,7017BTx642,9. P3-WOF-Fr.jpg,689,354,1527,7017BTx642,9. P3-WOF-Fr.jpg,689,816
7017_P4,7017BTx642,13. P4-WOF-Fr.jpg,713,1038,1634,7017BTx642,13. P4-WOF-Fr.jpg,713,842
7021_P1,7021-Macia,1. P1-WOF-Fr.jpg,3097,1740,2397,7021-Macia,1. P1-WOF-Fr.jpg,3097,3195
7021_P2,7021-Macia,5. P2-WOF-Fr.jpg,2158,1455,2209,7021-Macia,5. P2-WOF-Fr.jpg,2158,2263
7021_P3,7021-Macia,9. P3-WOF-Fr.jpg,2479,1675,2579,7021-Macia,9. P3-WOF-Fr.jpg,2479,2568
7021_P4,7021-Macia,13. P4-WOF-Fr.jpg,1963,1435,2228,7021-Macia,13. P4-WOF-Fr.jpg,1963,2037
7025_P1,7025-SC283,1. P1-WOF-Fr.jpg,1111,1017,1724,7025-SC283,1. P1-WOF-Fr.jpg,1111,1180
7025_P2,7025-SC283,5. P2-WOF-Fr.jpg,879,941,1698,7025-SC283,5. P2-WOF-Fr.jpg,879,942
7025_P3,7025-SC283,9. P3-WOF-Fr.jpg,661,1112,1535,7025-SC283,9. P3-WOF-Fr.jpg,661,681
7025_P4,7025-SC283,13. P4-WOF-Fr.jpg,802,449,1279,7025-SC283,13. P4-WOF-Fr.jpg,802,831
7029_P1,7029-SC964,1. P1-WOF-Fr.jpg,1155,1209,2283,7029-SC964,1. P1-WOF-Fr.jpg,1155,1075
7029_P2,7029-SC964,5. P2-WOF-Fr.jpg,860,871,2094,7029-SC964,5. P2-WOF-Fr.jpg,860,888
7029_P3,7029-SC964,9. P3-WOF-Fr.jpg,1354,1140,2442,7029-SC964,9. P3-WOF-Fr.jpg,1354,1612
7029_P4,7029-SC964,13. P4-WOF-Fr.jpg,996,956,2468,7029-SC964,13. P4-WOF-Fr.jpg,996,1005
7033_P1,7033-M10P0052_BTx623,1. P1-WOF-Fr.jpg,867,834,1651,7033-M10P0052_BTx623,1. P1-WOF-Fr.jpg,867,1086
7033_P2,7033-M10P0052_BTx623,5. P2-WOF-Fr.jpg,1344,1014,1795,7033-M10P0052_BTx623,5. P2-WOF-Fr.jpg,1344,1473
7033_P3,7033-M10P0052_BTx623,9. P3-WOF-Fr.jpg,1527,1132,1826,7033-M10P0052_BTx623,9. P3-WOF-Fr.jpg,1527,1492
7033_P4,7033-M10P0052_BTx623,13. P4-WOF-Fr.jpg,1480,1238,1738,7033-M10P0052_BTx623,13. P4-WOF-Fr.jpg,1480,2024
7037_P1,7037-Tx2882,1. P1-WOF-Fr.jpg,1733,1314,1456,7037-Tx2882,1. P1-WOF-Fr.jpg,1733,1938
7037_P2,7037-Tx2882,5. P2-WOF-Fr.jpg,1519,1128,1443,7037-Tx2882,5. P2-WOF-Fr.jpg,1519,1203
7037_P3,7037-Tx2882,9. P3-WOF-Fr.jpg,1541,1135,1608,7037-Tx2882,9. P3-WOF-Fr.jpg,1541,1676
7037_P4,7037-Tx2882,13. P4-WOF-Fr.jpg,964,961,1593,7037-Tx2882,13. P4-WOF-Fr.jpg,964,991
7041_P1,7041-BTx642,1. P1-WOF-Fr.jpg,65,65,853,7041-BTx642,1. P1-WOF-Fr.jpg,65,506
7041_P2,7041-BTx642,5. P2-WOF-Fr.jpg,52,113,1070,7041-BTx642,5. P2-WOF-Fr.jpg,52,156
7041_P3,7041-BTx642,9. P3-WOF-Fr.jpg,122,88,995,7041-BTx642,9. P3-WOF-Fr.jpg,122,358
7041_P4,7041-BTx642,13. P4-WOF-Fr.jpg,181,175,1086,7041-BTx642,13. P4-WOF-Fr.jpg,181,537
7045_P1,7045-BTx635_DW2,1. P1-WOF-Fr.jpg,1499,971,1989,7045-BTx635_DW2,1. P1-WOF-Fr.jpg,1499,1779
7045_P2,7045-BTx635_DW2,5. P2-WOF-Fr.jpg,1431,1199,1984,7045-BTx635_DW2,5. P2-WOF-Fr.jpg,1431,1294
7045_P3,7045-BTx635_DW2,9. P3-WOF-Fr.jpg,1260,1119,1918,7045-BTx635_DW2,9. P3-WOF-Fr.jpg,1260,1321
7045_P4,7045-BTx635_DW2,13. P4-WOF-Fr.jpg,1882,1269,2040,7045-BTx635_DW2,13. P4-WOF-Fr.jpg,1882,1843
7049_P1,7049-1790E_SC56_SC33,1. P1-WOF-Fr.jpg,929,818,1218,7049-1790E_SC56_SC33,1. P1-WOF-Fr.jpg,929,962
7049_P2,7049-1790E_SC56_SC33,5. P2-WOF-Fr.jpg,1006,942,1334,7049-1790E_SC56_SC33,5. P2-WOF-Fr.jpg,1006,1527
7049_P3,7049-1790E_SC56_SC33,9. P3-WOF-Fr.jpg,884,765,1284,7049-1790E_SC56_SC33,9. P3-WOF-Fr.jpg,884,1139
7049_P4,7049-1790E_SC56_SC33,13. P4-WOF-Fr.jpg,901,865,1234,7049-1790E_SC56_SC33,13. P4-WOF-Fr.jpg,901,812
7053_P1,7053-RLBK1,1. P1-WOF-Fr.jpg,1319,937,1382,7053-RLBK1,1. P1-WOF-Fr.jpg,1319,1630
7053_P2,7053-RLBK1,5. P2-WOF-Fr.jpg,564,470,1267,7053-RLBK1,5. P2-WOF-Fr.jpg,564,1208
7053_P3,7053-RLBK1,9. P3-WOF-Fr.jpg,860,654,1410,7053-RLBK1,9. P3-WOF-Fr.jpg,860,1247
7053_P4,7053-RLBK1,13. P4-WOF-Fr.jpg,1961,1389,1742,7053-RLBK1,13. P4-WOF-Fr.jpg,1961,1698
7057_P1,7057-SC348,1. P1-WOF-Fr.jpg,1520,829,1003,7057-SC348,1. P1-WOF-Fr.jpg,1520,1520
7057_P2,7057-SC348,5. P2-WOF-Fr.jpg,1098,988,1399,7057-SC348,5. P2-WOF-Fr.jpg,1098,1506
7057_P3,7057-SC348,9. P3-WOF-Fr.jpg,671,530,1036,7057-SC348,9. P3-WOF-Fr.jpg,671,722
7057_P4,7057-SC348,13. P4-WOF-Fr.jpg,1621,1223,1301,7057-SC348,13. P4-WOF-Fr.jpg,1621,1800
7061_P1,7061-2219-3,1. P1-WOF-Fr.jpg,800,649,1358,7061-2219-3,1. P1-WOF-Fr.jpg,800,1141
7061_P2,7061-2219-3,5. P2-WOF-Fr.jpg,1723,1371,2117,7061-2219-3,5. P2-WOF-Fr.jpg,1723,1609
7061_P3,7061-2219-3,9. P3-WOF-Fr.jpg,1358,1034,1763,7061-2219-3,9. P3-WOF-Fr.jpg,1358,1464
7061_P4,7061-2219-3,13. P4-WOF-Fr.jpg,1743,1519,2212,7061-2219-3,13. P4-WOF-Fr.jpg,1743,1151
7065_P1,7065-SN72_PINK_KAFIR,1. P1-WOF-Fr.jpg,1815,1109,1177,7065-SN72_PINK_KAFIR,1. P1-WOF-Fr.jpg,1815,1670
7065_P2,7065-SN72_PINK_KAFIR,5. P2-WOF-Fr.jpg,1775,1489,1608,7065-SN72_PINK_KAFIR,5. P2-WOF-Fr.jpg,1775,1794
7065_P3,7065-SN72_PINK_KAFIR,9. P3-WOF-Fr.jpg,1101,886,1283,7065-SN72_PINK_KAFIR,9. P3-WOF-Fr.jpg,1101,992
7065_P4,7065-SN72_PINK_KAFIR,13. P4-WOF-Fr.jpg,1556,1123,1450,7065-SN72_PINK_KAFIR,13. P4-WOF-Fr.jpg,1556,1987
7069_P1,7069-2290-19,1. P1-WOF-Fr.jpg,1976,1964,1771,7069-2290-19,1. P1-WOF-Fr.jpg,1976,1730
7069_P2,7069-2290-19,5. P2-WOF-Fr.jpg,1370,1288,1468,7069-2290-19,5. P2-WOF-Fr.jpg,1370,1396
7069_P3,7069-2290-19,9. P3-WOF-Fr.jpg,1165,1237,1334,7069-2290-19,9. P3-WOF-Fr.jpg,1165,1332
7069_P4,7069-2290-19,13. P4-WOF-Fr.jpg,1421,1479,1553,7069-2290-19,13. P4-WOF-Fr.jpg,1421,1828
7073_P1,7073-BTx635_DW2,1. P1-WOF-Fr.jpg,1765,1494,2171,7073-BTx635_DW2,1. P1-WOF-Fr.jpg,1765,1542
7073_P2,7073-BTx635_DW2,5. P2-WOF-Fr.jpg,1000,1055,1740,7073-BTx635_DW2,5. P2-WOF-Fr.jpg,1000,1398
7073_P3,7073-BTx635_DW2,9. P3-WOF-Fr.jpg,1905,1281,1373,7073-BTx635_DW2,9. P3-WOF-Fr.jpg,1905,1963
7073_P4,7073-BTx635_DW2,13. P4-WOF-Fr.jpg,1341,906,1553,7073-BTx635_DW2,13. P4-WOF-Fr.jpg,1341,1259
