plot,id,image_name,img_name,Mach_Count,Spr_Count
2005-SC964,2005_P1,2005_1.JPG,1. P1-WOF-Fr.jpg,2400,2449
2005-SC964,2005_P2,2005_2.JPG,5. P2-WOF-Fr.jpg,1436,1611
2005-SC964,2005_P3,2005_3.JPG,9. P3-WOF-Fr.jpg,1815,1917
2005-SC964,2005_P4,2005_4.JPG,13. P4-WOF-Fr.jpg,1704,2046
2009-RTx430BL,2009_P1,2009_1.JPG,1. P1-WOF-Fr.jpg,604,676
2009-RTx430BL,2009_P2,2009_2.JPG,5. P2-WOF-Fr.jpg,869,996
2009-RTx430BL,2009_P3,2009_3.JPG,9. P3-WOF-Fr.jpg,865,934
2009-RTx430BL,2009_P4,2009_4.JPG,13. P4-WOF-Fr.jpg,1189,1468
2013-Tx7000,2013_P1,2013_1.JPG,1. P1-WOF-Fr.jpg,2076,2086
2013-Tx7000,2013_P2,2013_2.JPG,5. P2-WOF-Fr.jpg,2613,2794
2013-Tx7000,2013_P3,2013_3.JPG,9. P3-WOF-Fr.jpg,2274,2456
2013-Tx7000,2013_P4,2013_4.JPG,13. P4-WOF-Fr.jpg,2135,2273
2017-RLBK1,2017_P1,2017_1.JPG,1. P1-WOF-Fr.jpg,311,394
2017-RLBK1,2017_P2,2017_2.JPG,5. P2-WOF-Fr.jpg,641,421
2017-RLBK1,2017_P3,2017_3.JPG,9. P3-WOF-Fr.jpg,973,1126
2017-RLBK1,2017_P4,2017_4.JPG,13. P4-WOF-Fr.jpg,859,966
2021-SC326-6,2021_P1,2021_1.JPG,1. P1-WOF-Fr.jpg,3389,2876
2021-SC326-6,2021_P2,2021_2.JPG,5. P2-WOF-Fr.jpg,3462,3357
2021-SC326-6,2021_P3,2021_3.JPG,9. P3-WOF-Fr.jpg,2640,2917
2021-SC326-6,2021_P4,2021_4.JPG,13. P4-WOF-Fr.jpg,1980,2227
2025-RTx430,2025_P1,2025_1.JPG,1. P1-WOF-Fr.jpg,1197,1419
2025-RTx430,2025_P2,2025_2.JPG,5. P2-WOF-Fr.jpg,1030,1333
2025-RTx430,2025_P3,2025_3.JPG,9. P3-WOF-Fr.jpg,867,1122
2025-RTx430,2025_P4,2025_4.JPG,13. P4-WOF-Fr.jpg,1248,1539
3005-BTx635_DW2,3005_P1,3005_1.JPG,1. P1-WOF-Fr.jpg,1905,2007
3005-BTx635_DW2,3005_P2,3005_2.JPG,5. P2-WOF-Fr.jpg,1710,1809
3005-BTx635_DW2,3005_P3,3005_3.JPG,9. P3-WOF-Fr.jpg,1278,1370
3005-BTx635_DW2,3005_P4,3005_4.JPG,13. P4-WOF-Fr.jpg,1590,1686
3009-M10P0052_BTx623,3009_P1,3009_1.JPG,1. P1-WOF-Fr.jpg,2255,2373
3009-M10P0052_BTx623,3009_P2,3009_2.JPG,5. P2-WOF-Fr.jpg,1282,1465
3009-M10P0052_BTx623,3009_P3,3009_3.JPG,9. P3-WOF-Fr.jpg,2460,2626
3009-M10P0052_BTx623,3009_P4,3009_4.JPG,13. P4-WOF-Fr.jpg,2241,2322
3013-SC56,3013_P1,3013_1.JPG,1. P1-WOF-Fr.jpg,1306,1408
3013-SC56,3013_P2,3013_2.JPG,5. P2-WOF-Fr.jpg,1162,1264
3013-SC56,3013_P3,3013_3.JPG,9. P3-WOF-Fr.jpg,1316,1332
3013-SC56,3013_P4,3013_4.JPG,13. P4-WOF-Fr.jpg,1509,1481
3017-KS19,3017_P1,3017_1.JPG,1. P1-WOF-Fr.jpg,2108,2040
3017-KS19,3017_P2,3017_2.JPG,5. P2-WOF-Fr.jpg,2053,1907
3017-KS19,3017_P3,3017_3.JPG,9. P3-WOF-Fr.jpg,2504,2306
3017-KS19,3017_P4,3017_4.JPG,13. P4-WOF-Fr.jpg,1678,1752
3021-SC328,3021_P1,3021_1.JPG,1. P1-WOF-Fr.jpg,1698,1870
3021-SC328,3021_P2,3021_2.JPG,5. P2-WOF-Fr.jpg,1681,1909
3021-SC328,3021_P3,3021_3.JPG,9. P3-WOF-Fr.jpg,2097,2319
3021-SC328,3021_P4,3021_4.JPG,13. P4-WOF-Fr.jpg,1650,1772
3025-2219-3_Stg2NIL,3025_P1,3025_1.JPG,1. P1-WOF-Fr.jpg,1942,2131
3025-2219-3_Stg2NIL,3025_P2,3025_2.JPG,5. P2-WOF-Fr.jpg,2270,2473
3025-2219-3_Stg2NIL,3025_P3,3025_3.JPG,9. P3-WOF-Fr.jpg,1892,2056
3025-2219-3_Stg2NIL,3025_P4,3025_4.JPG,13. P4-WOF-Fr.jpg,1757,1975
4005-SN_72_PINK_KAFIR,4005_P1,4005_1.JPG,1. P1-WOF-Fr.jpg,1244,1304
4005-SN_72_PINK_KAFIR,4005_P2,4005_2.JPG,5. P2-WOF-Fr.jpg,1418,1489
4005-SN_72_PINK_KAFIR,4005_P3,4005_3.JPG,9. P3-WOF-Fr.jpg,1541,1612
4005-SN_72_PINK_KAFIR,4005_P4,4005_4.JPG,13. P4-WOF-Fr.jpg,1955,1968
4009-BTx615,4009_P1,4009_1.JPG,1. P1-WOF-Fr.jpg,2017,2126
4009-BTx615,4009_P2,4009_2.JPG,5. P2-WOF-Fr.jpg,2056,2226
4009-BTx615,4009_P3,4009_3.JPG,9. P3-WOF-Fr.jpg,2091,2196
4009-BTx615,4009_P4,4009_4.JPG,13. P4-WOF-Fr.jpg,1985,2160
4013-R11018,4013_P1,4013_1.JPG,1. P1-WOF-Fr.jpg,1762,1825
4013-R11018,4013_P2,4013_2.JPG,5. P2-WOF-Fr.jpg,1761,1864
4013-R11018,4013_P3,4013_3.JPG,9. P3-WOF-Fr.jpg,1822,1939
4013-R11018,4013_P4,4013_4.JPG,13. P4-WOF-Fr.jpg,1461,1744
4017-BTx2752,4017_P1,4017_1.JPG,1. P1-WOF-Fr.jpg,2212,2299
4017-BTx2752,4017_P2,4017_2.JPG,5. P2-WOF-Fr.jpg,2288,2401
4017-BTx2752,4017_P3,4017_3.JPG,9. P3-WOF-Fr.jpg,2259,2407
4017-BTx2752,4017_P4,4017_4.JPG,13. P4-WOF-Fr.jpg,3034,3112
4021-6085-9_STG4NIL,4021_P1,4021_1.JPG,1. P1-WOF-Fr.jpg,1899,2056
4021-6085-9_STG4NIL,4021_P2,4021_2.JPG,5. P2-WOF-Fr.jpg,1453,1580
4021-6085-9_STG4NIL,4021_P3,4021_3.JPG,9. P3-WOF-Fr.jpg,1833,2025
4021-6085-9_STG4NIL,4021_P4,4021_4.JPG,13. P4-WOF-Fr.jpg,2110,2217
5005-SC35_14E,5005_P1,5005_1.JPG,1. P1-WOF-Fr.jpg,1040,1161
5005-SC35_14E,5005_P2,5005_2.JPG,5. P2-WOF-Fr.jpg,1258,1423
5005-SC35_14E,5005_P3,5005_3.JPG,9. P3-WOF-Fr.jpg,1243,1379
5005-SC35_14E,5005_P4,5005_4.JPG,13. P4-WOF-Fr.jpg,1588,1748
5009-R9188,5009_P1,5009_1.JPG,1. P1-WOF-Fr.jpg,2282,1700
5009-R9188,5009_P2,5009_2.JPG,5. P2-WOF-Fr.jpg,1677,1769
5009-R9188,5009_P3,5009_3.JPG,9. P3-WOF-Fr.jpg,1968,2146
5009-R9188,5009_P4,5009_4.JPG,13. P4-WOF-Fr.jpg,2135,2137
5013-RTx2536,5013_P1,5013_1.JPG,1. P1-WOF-Fr.jpg,1647,1774
5013-RTx2536,5013_P2,5013_2.JPG,5. P2-WOF-Fr.jpg,1812,1966
5013-RTx2536,5013_P3,5013_3.JPG,9. P3-WOF-Fr.jpg,1940,2100
5013-RTx2536,5013_P4,5013_4.JPG,13. P4-WOF-Fr.jpg,1800,1880
5017BTx623_DW1,5017_P1,5017_1.JPG,1. P1-WOF-Fr.jpg,1179,1211
5017BTx623_DW1,5017_P2,5017_2.JPG,5. P2-WOF-Fr.jpg,812,872
5017BTx623_DW1,5017_P3,5017_3.JPG,9. P3-WOF-Fr.jpg,1090,1143
5017BTx623_DW1,5017_P4,5017_4.JPG,13. P4-WOF-Fr.jpg,1037,1070
5021-96CD635,5021_P1,5021_1.JPG,1. P1-WOF-Fr.jpg,2043,2164
5021-96CD635,5021_P2,5021_2.JPG,5. P2-WOF-Fr.jpg,1395,1485
5021-96CD635,5021_P3,5021_3.JPG,9. P3-WOF-Fr.jpg,1584,1644
5025-BTx642_Tx7000NILStg1,5025_P1,5025_1.JPG,1. P1-WOF-Fr.jpg,1814,1851
5025-BTx642_Tx7000NILStg1,5025_P2,5025_2.JPG,5. P2-WOF-Fr.jpg,1694,1754
5025-BTx642_Tx7000NILStg1,5025_P3,5025_3.JPG,9. P3-WOF-Fr.jpg,1664,1707
5025-BTx642_Tx7000NILStg1,5025_P4,5025_4.JPG,13. P4-WOF-Fr.jpg,2368,2438
6005-BTx623,6005_P1,6005_1.JPG,1. P1-WOF-Fr.jpg,3765,1676
6005-BTx623,6005_P2,6005_2.JPG,5. P2-WOF-Fr.jpg,2120,2142
6005-BTx623,6005_P3,6005_3.JPG,9. P3-WOF-Fr.jpg,2741,2796
6005-BTx623,6005_P4,6005_4.JPG,13. P4-WOF-Fr.jpg,2451,2527
6009-B10001,6009_P1,6009_1.JPG,1. P1-WOF-Fr.jpg,2445,2544
6009-B10001,6009_P2,6009_2.JPG,5. P2-WOF-Fr.jpg,2241,2359
6009-B10001,6009_P3,6009_3.JPG,9. P3-WOF-Fr.jpg,2822,2976
6009-B10001,6009_P4,6009_4.JPG,13. P4-WOF-Fr.jpg,2041,2087
6013-SC1154-14E,6013_P1,6013_1.JPG,1. P1-WOF-Fr.jpg,1052,1087
6013-SC1154-14E,6013_P2,6013_2.JPG,5. P2-WOF-Fr.jpg,1010,1047
6013-SC1154-14E,6013_P3,6013_3.JPG,9. P3-WOF-Fr.jpg,1356,1398
6013-SC1154-14E,6013_P4,6013_4.JPG,13. P4-WOF-Fr.jpg,1218,1264
6017-P898012,6017_P1,6017_1.JPG,1. P1-WOF-Fr.jpg,1313,1358
6017-P898012,6017_P2,6017_2.JPG,5. P2-WOF-Fr.jpg,1000,1053
6017-P898012,6017_P3,6017_3.JPG,9. P3-WOF-Fr.jpg,1619,1690
6017-P898012,6017_P4,6017_4.JPG,13. P4-WOF-Fr.jpg,1902,1958
6021-B4R_BTx406_RIO,6021_P1,6021_1.JPG,1. P1-WOF-Fr.jpg,1285,1358
6021-B4R_BTx406_RIO,6021_P2,6021_2.JPG,5. P2-WOF-Fr.jpg,1927,2001
6021-B4R_BTx406_RIO,6021_P3,6021_3.JPG,9. P3-WOF-Fr.jpg,1388,1451
6021-B4R_BTx406_RIO,6021_P4,6021_4.JPG,13. P4-WOF-Fr.jpg,1228,1315
6025-2290-19_Stg3NIL,6025_P1,6025_1.JPG,1. P1-WOF-Fr.jpg,1628,1767
6025-2290-19_Stg3NIL,6025_P2,6025_2.JPG,5. P2-WOF-Fr.jpg,1930,2016
6025-2290-19_Stg3NIL,6025_P3,6025_3.JPG,9. P3-WOF-Fr.jpg,2552,2713
6025-2290-19_Stg3NIL,6025_P4,6025_4.JPG,13. P4-WOF-Fr.jpg,1788,1966
7005-SC328,7005_P1,7005_1.JPG,1. P1-WOF-Fr.jpg,1970,2068
7005-SC328,7005_P2,7005_2.JPG,5. P2-WOF-Fr.jpg,2219,2292
7005-SC328,7005_P3,7005_3.JPG,9. P3-WOF-Fr.jpg,1217,1344
7005-SC328,7005_P4,7005_4.JPG,13. P4-WOF-Fr.jpg,1383,1506
7009-1790E_SC56_SC33,7009_P1,7009_1.JPG,1. P1-WOF-Fr.jpg,1048,1160
7009-1790E_SC56_SC33,7009_P2,7009_2.JPG,5. P2-WOF-Fr.jpg,995,1094
7009-1790E_SC56_SC33,7009_P3,7009_3.JPG,9. P3-WOF-Fr.jpg,1588,1670
7009-1790E_SC56_SC33,7009_P4,7009_4.JPG,13. P4-WOF-Fr.jpg,1473,1606
7013-Tx2882,7013_P1,7013_1.JPG,1. P1-WOF-Fr.jpg,1734,1848
7013-Tx2882,7013_P2,7013_2.JPG,5. P2-WOF-Fr.jpg,1339,1479
7013-Tx2882,7013_P3,7013_3.JPG,9. P3-WOF-Fr.jpg,1908,2022
7013-Tx2882,7013_P4,7013_4.JPG,13. P4-WOF-Fr.jpg,1598,1684
7017BTx642,7017_P1,7017_1.JPG,1. P1-WOF-Fr.jpg,901,1003
7017BTx642,7017_P2,7017_2.JPG,5. P2-WOF-Fr.jpg,640,716
7017BTx642,7017_P3,7017_3.JPG,9. P3-WOF-Fr.jpg,689,816
7017BTx642,7017_P4,7017_4.JPG,13. P4-WOF-Fr.jpg,713,842
7021-Macia,7021_P1,7021_1.JPG,1. P1-WOF-Fr.jpg,3097,3195
7021-Macia,7021_P2,7021_2.JPG,5. P2-WOF-Fr.jpg,2158,2263
7021-Macia,7021_P3,7021_3.JPG,9. P3-WOF-Fr.jpg,2479,2568
7021-Macia,7021_P4,7021_4.JPG,13. P4-WOF-Fr.jpg,1963,2037
7025-SC283,7025_P1,7025_1.JPG,1. P1-WOF-Fr.jpg,1111,1180
7025-SC283,7025_P2,7025_2.JPG,5. P2-WOF-Fr.jpg,879,942
7025-SC283,7025_P3,7025_3.JPG,9. P3-WOF-Fr.jpg,661,681
7025-SC283,7025_P4,7025_4.JPG,13. P4-WOF-Fr.jpg,802,831
