plot,id,img_name,Mach_Count,Spr_Count_Adj
2005-SC964,2005_P1,1. P1-WOF-Fr.jpg,2400,2449
2005-SC964,2005_P2,5. P2-WOF-Fr.jpg,1436,1611
2005-SC964,2005_P3,9. P3-WOF-Fr.jpg,1815,1917
2005-SC964,2005_P4,13. P4-WOF-Fr.jpg,1704,2046
2009-RTx430BL,2009_P1,1. P1-WOF-Fr.jpg,604,676
2009-RTx430BL,2009_P2,5. P2-WOF-Fr.jpg,869,996
2009-RTx430BL,2009_P3,9. P3-WOF-Fr.jpg,865,934
2009-RTx430BL,2009_P4,13. P4-WOF-Fr.jpg,1189,1468
2013-Tx7000,2013_P1,1. P1-WOF-Fr.jpg,2076,2086
2013-Tx7000,2013_P2,5. P2-WOF-Fr.jpg,2613,2794
2013-Tx7000,2013_P3,9. P3-WOF-Fr.jpg,2274,2456
2013-Tx7000,2013_P4,13. P4-WOF-Fr.jpg,2135,2273
2017-RLBK1,2017_P1,1. P1-WOF-Fr.jpg,311,394
2017-RLBK1,2017_P2,5. P2-WOF-Fr.jpg,641,421
2017-RLBK1,2017_P3,9. P3-WOF-Fr.jpg,973,1126
2017-RLBK1,2017_P4,13. P4-WOF-Fr.jpg,859,966
2021-SC326-6,2021_P1,1. P1-WOF-Fr.jpg,3389,2876
2021-SC326-6,2021_P2,5. P2-WOF-Fr.jpg,3462,3357
2021-SC326-6,2021_P3,9. P3-WOF-Fr.jpg,2640,2917
2021-SC326-6,2021_P4,13. P4-WOF-Fr.jpg,1980,2227
2025-RTx430,2025_P1,1. P1-WOF-Fr.jpg,1197,1419
2025-RTx430,2025_P2,5. P2-WOF-Fr.jpg,1030,1333
2025-RTx430,2025_P3,9. P3-WOF-Fr.jpg,867,1122
2025-RTx430,2025_P4,13. P4-WOF-Fr.jpg,1248,1539
3005-BTx635_DW2,3005_P1,1. P1-WOF-Fr.jpg,1905,2007
3005-BTx635_DW2,3005_P2,5. P2-WOF-Fr.jpg,1710,1809
3005-BTx635_DW2,3005_P3,9. P3-WOF-Fr.jpg,1278,1370
3005-BTx635_DW2,3005_P4,13. P4-WOF-Fr.jpg,1590,1686
3009-M10P0052_BTx623,3009_P1,1. P1-WOF-Fr.jpg,2255,2373
3009-M10P0052_BTx623,3009_P2,5. P2-WOF-Fr.jpg,1282,1465
3009-M10P0052_BTx623,3009_P3,9. P3-WOF-Fr.jpg,2460,2626
3009-M10P0052_BTx623,3009_P4,13. P4-WOF-Fr.jpg,2241,2322
3013-SC56,3013_P1,1. P1-WOF-Fr.jpg,1306,1408
3013-SC56,3013_P2,5. P2-WOF-Fr.jpg,1162,1264
3013-SC56,3013_P3,9. P3-WOF-Fr.jpg,1316,1332
3013-SC56,3013_P4,13. P4-WOF-Fr.jpg,1509,1481
3017-KS19,3017_P1,1. P1-WOF-Fr.jpg,2108,2040
3017-KS19,3017_P2,5. P2-WOF-Fr.jpg,2053,1907
3017-KS19,3017_P3,9. P3-WOF-Fr.jpg,2504,2306
3017-KS19,3017_P4,13. P4-WOF-Fr.jpg,1678,1752
3021-SC328,3021_P1,1. P1-WOF-Fr.jpg,1698,1870
3021-SC328,3021_P2,5. P2-WOF-Fr.jpg,1681,1909
3021-SC328,3021_P3,9. P3-WOF-Fr.jpg,2097,2319
3021-SC328,3021_P4,13. P4-WOF-Fr.jpg,1650,1772
3025-2219-3_Stg2NIL,3025_P1,1. P1-WOF-Fr.jpg,1942,2131
3025-2219-3_Stg2NIL,3025_P2,5. P2-WOF-Fr.jpg,2270,2473
3025-2219-3_Stg2NIL,3025_P3,9. P3-WOF-Fr.jpg,1892,2056
3025-2219-3_Stg2NIL,3025_P4,13. P4-WOF-Fr.jpg,1757,1975
4005-SN_72_PINK_KAFIR,4005_P1,1. P1-WOF-Fr.jpg,1244,1304
4005-SN_72_PINK_KAFIR,4005_P2,5. P2-WOF-Fr.jpg,1418,1489
4005-SN_72_PINK_KAFIR,4005_P3,9. P3-WOF-Fr.jpg,1541,1612
4005-SN_72_PINK_KAFIR,4005_P4,13. P4-WOF-Fr.jpg,1955,1968
4009-BTx615,4009_P1,1. P1-WOF-Fr.jpg,2017,2126
4009-BTx615,4009_P2,5. P2-WOF-Fr.jpg,2056,2226
4009-BTx615,4009_P3,9. P3-WOF-Fr.jpg,2091,2196
4009-BTx615,4009_P4,13. P4-WOF-Fr.jpg,1985,2160
4013-R11018,4013_P1,1. P1-WOF-Fr.jpg,1762,1825
4013-R11018,4013_P2,5. P2-WOF-Fr.jpg,1761,1864
4013-R11018,4013_P3,9. P3-WOF-Fr.jpg,1822,1939
4013-R11018,4013_P4,13. P4-WOF-Fr.jpg,1461,1744
4017-BTx2752,4017_P1,1. P1-WOF-Fr.jpg,2212,2299
4017-BTx2752,4017_P2,5. P2-WOF-Fr.jpg,2288,2401
4017-BTx2752,4017_P3,9. P3-WOF-Fr.jpg,2259,2407
4017-BTx2752,4017_P4,13. P4-WOF-Fr.jpg,3034,3112
4021-6085-9_STG4NIL,4021_P1,1. P1-WOF-Fr.jpg,1899,2056
4021-6085-9_STG4NIL,4021_P2,5. P2-WOF-Fr.jpg,1453,1580
4021-6085-9_STG4NIL,4021_P3,9. P3-WOF-Fr.jpg,1833,2025
4021-6085-9_STG4NIL,4021_P4,13. P4-WOF-Fr.jpg,2110,2217
5005-SC35_14E,5005_P1,1. P1-WOF-Fr.jpg,1040,1161
5005-SC35_14E,5005_P2,5. P2-WOF-Fr.jpg,1258,1423
5005-SC35_14E,5005_P3,9. P3-WOF-Fr.jpg,1243,1379
5005-SC35_14E,5005_P4,13. P4-WOF-Fr.jpg,1588,1748
5009-R9188,5009_P1,1. P1-WOF-Fr.jpg,2282,1700
5009-R9188,5009_P2,5. P2-WOF-Fr.jpg,1677,1769
5009-R9188,5009_P3,9. P3-WOF-Fr.jpg,1968,2146
5009-R9188,5009_P4,13. P4-WOF-Fr.jpg,2135,2137
5013-RTx2536,5013_P1,1. P1-WOF-Fr.jpg,1647,1774
5013-RTx2536,5013_P2,5. P2-WOF-Fr.jpg,1812,1966
5013-RTx2536,5013_P3,9. P3-WOF-Fr.jpg,1940,2100
5013-RTx2536,5013_P4,13. P4-WOF-Fr.jpg,1800,1880
5017BTx623_DW1,5017_P1,1. P1-WOF-Fr.jpg,1179,1211
5017BTx623_DW1,5017_P2,5. P2-WOF-Fr.jpg,812,872
5017BTx623_DW1,5017_P3,9. P3-WOF-Fr.jpg,1090,1143
5017BTx623_DW1,5017_P4,13. P4-WOF-Fr.jpg,1037,1070
5021-96CD635,5021_P1,1. P1-WOF-Fr.jpg,2043,2164
5021-96CD635,5021_P2,5. P2-WOF-Fr.jpg,1395,1485
5021-96CD635,5021_P3,9. P3-WOF-Fr.jpg,1584,1644
5025-BTx642_Tx7000NILStg1,5025_P1,1. P1-WOF-Fr.jpg,1814,1851
5025-BTx642_Tx7000NILStg1,5025_P2,5. P2-WOF-Fr.jpg,1694,1754
5025-BTx642_Tx7000NILStg1,5025_P3,9. P3-WOF-Fr.jpg,1664,1707
5025-BTx642_Tx7000NILStg1,5025_P4,13. P4-WOF-Fr.jpg,2368,2438
6005-BTx623,6005_P1,1. P1-WOF-Fr.jpg,3765,1676
6005-BTx623,6005_P2,5. P2-WOF-Fr.jpg,2120,2142
6005-BTx623,6005_P3,9. P3-WOF-Fr.jpg,2741,2796
6005-BTx623,6005_P4,13. P4-WOF-Fr.jpg,2451,2527
6009-B10001,6009_P1,1. P1-WOF-Fr.jpg,2445,2544
6009-B10001,6009_P2,5. P2-WOF-Fr.jpg,2241,2359
6009-B10001,6009_P3,9. P3-WOF-Fr.jpg,2822,2976
6009-B10001,6009_P4,13. P4-WOF-Fr.jpg,2041,2087
6013-SC1154-14E,6013_P1,1. P1-WOF-Fr.jpg,1052,1087
6013-SC1154-14E,6013_P2,5. P2-WOF-Fr.jpg,1010,1047
6013-SC1154-14E,6013_P3,9. P3-WOF-Fr.jpg,1356,1398
6013-SC1154-14E,6013_P4,13. P4-WOF-Fr.jpg,1218,1264
6017-P898012,6017_P1,1. P1-WOF-Fr.jpg,1313,1358
6017-P898012,6017_P2,5. P2-WOF-Fr.jpg,1000,1053
6017-P898012,6017_P3,9. P3-WOF-Fr.jpg,1619,1690
6017-P898012,6017_P4,13. P4-WOF-Fr.jpg,1902,1958
6021-B4R_BTx406_RIO,6021_P1,1. P1-WOF-Fr.jpg,1285,1358
6021-B4R_BTx406_RIO,6021_P2,5. P2-WOF-Fr.jpg,1927,2001
6021-B4R_BTx406_RIO,6021_P3,9. P3-WOF-Fr.jpg,1388,1451
6021-B4R_BTx406_RIO,6021_P4,13. P4-WOF-Fr.jpg,1228,1315
6025-2290-19_Stg3NIL,6025_P1,1. P1-WOF-Fr.jpg,1628,1767
6025-2290-19_Stg3NIL,6025_P2,5. P2-WOF-Fr.jpg,1930,2016
6025-2290-19_Stg3NIL,6025_P3,9. P3-WOF-Fr.jpg,2552,2713
6025-2290-19_Stg3NIL,6025_P4,13. P4-WOF-Fr.jpg,1788,1966
7005-SC328,7005_P1,1. P1-WOF-Fr.jpg,1970,2068
7005-SC328,7005_P2,5. P2-WOF-Fr.jpg,2219,2292
7005-SC328,7005_P3,9. P3-WOF-Fr.jpg,1217,1344
7005-SC328,7005_P4,13. P4-WOF-Fr.jpg,1383,1506
7009-1790E_SC56_SC33,7009_P1,1. P1-WOF-Fr.jpg,1048,1160
7009-1790E_SC56_SC33,7009_P2,5. P2-WOF-Fr.jpg,995,1094
7009-1790E_SC56_SC33,7009_P3,9. P3-WOF-Fr.jpg,1588,1670
7009-1790E_SC56_SC33,7009_P4,13. P4-WOF-Fr.jpg,1473,1606
7013-Tx2882,7013_P1,1. P1-WOF-Fr.jpg,1734,1848
7013-Tx2882,7013_P2,5. P2-WOF-Fr.jpg,1339,1479
7013-Tx2882,7013_P3,9. P3-WOF-Fr.jpg,1908,2022
7013-Tx2882,7013_P4,13. P4-WOF-Fr.jpg,1598,1684
7017BTx642,7017_P1,1. P1-WOF-Fr.jpg,901,1003
7017BTx642,7017_P2,5. P2-WOF-Fr.jpg,640,716
7017BTx642,7017_P3,9. P3-WOF-Fr.jpg,689,816
7017BTx642,7017_P4,13. P4-WOF-Fr.jpg,713,842
7021-Macia,7021_P1,1. P1-WOF-Fr.jpg,3097,3195
7021-Macia,7021_P2,5. P2-WOF-Fr.jpg,2158,2263
7021-Macia,7021_P3,9. P3-WOF-Fr.jpg,2479,2568
7021-Macia,7021_P4,13. P4-WOF-Fr.jpg,1963,2037
7025-SC283,7025_P1,1. P1-WOF-Fr.jpg,1111,1180
7025-SC283,7025_P2,5. P2-WOF-Fr.jpg,879,942
7025-SC283,7025_P3,9. P3-WOF-Fr.jpg,661,681
7025-SC283,7025_P4,13. P4-WOF-Fr.jpg,802,831
2029-RTx436,2029_P1,1. P1-WOF-Fr.jpg,3370,3360
2029-RTx436,2029_P2,5. P2-WOF-Fr.jpg,2346,2323
2029-RTx436,2029_P3,9. P3-WOF-Fr.jpg,2707,2804
2029-RTx436,2029_P4,13. P4-WOF-Fr.jpg,2359,2675
2033-R11018,2033_P1,1. P1-WOF-Fr.jpg,1024,1132
2033-R11018,2033_P2,5. P2-WOF-Fr.jpg,1045,1151
2033-R11018,2033_P3,9. P3-WOF-Fr.jpg,1573,1991
2033-R11018,2033_P4,13. P4-WOF-Fr.jpg,1084,1391
2037-2219-3_Stg2NIL,2037_P1,1. P1-WOF-Fr.jpg,2033,1978
2037-2219-3_Stg2NIL,2037_P2,5. P2-WOF-Fr.jpg,1996,2153
2037-2219-3_Stg2NIL,2037_P3,9. P3-WOF-Fr.jpg,1830,1799
2037-2219-3_Stg2NIL,2037_P4,13. P4-WOF-Fr.jpg,2065,2007
2041-RTx430BL,2041_P1,1. P1-WOF-Fr.jpg,1359,1527
2041-RTx430BL,2041_P2,5. P2-WOF-Fr.jpg,1419,1137
2041-RTx430BL,2041_P3,9. P3-WOF-Fr.jpg,1359,1123
2041-RTx430BL,2041_P4,13. P4-WOF-Fr.jpg,548,643
2045-SC35-14E,2045_P1,1. P1-WOF-Fr.jpg,431,447
2045-SC35-14E,2045_P2,5. P2-WOF-Fr.jpg,465,750
2045-SC35-14E,2045_P3,9. P3-WOF-Fr.jpg,189,254
2045-SC35-14E,2045_P4,13. P4-WOF-Fr.jpg,338,282
2049-BTx642_Tx7000,2049_P1,1. P1-WOF-Fr.jpg,1127,1572
2049-BTx642_Tx7000,2049_P2,5. P2-WOF-Fr.jpg,1316,1392
2049-BTx642_Tx7000,2049_P3,9. P3-WOF-Fr.jpg,2369,2385
2049-BTx642_Tx7000,2049_P4,13. P4-WOF-Fr.jpg,1784,1561
2053-BTx623,2053_P1,1. P1-WOF-Fr.jpg,1415,1415
2053-BTx623,2053_P2,5. P2-WOF-Fr.jpg,1185,1346
2053-BTx623,2053_P3,9. P3-WOF-Fr.jpg,1698,1541
2053-BTx623,2053_P4,13. P4-WOF-Fr.jpg,1525,1701
2057-Macia,2057_P1,1. P1-WOF-Fr.jpg,1813,1756
2057-Macia,2057_P2,5. P2-WOF-Fr.jpg,1606,1636
2057-Macia,2057_P3,9. P3-WOF-Fr.jpg,2080,1992
2057-Macia,2057_P4,13. P4-WOF-Fr.jpg,1178,1697
2061-SC283,2061_P1,1. P1-WOF-Fr.jpg,255,496
2061-SC283,2061_P2,5. P2-WOF-Fr.jpg,416,424
2061-SC283,2061_P3,9. P3-WOF-Fr.jpg,932,1268
2065-SC56,2065_P1,1. P1-WOF-Fr.jpg,1280,1156
2065-SC56,2065_P2,5. P2-WOF-Fr.jpg,740,971
2065-SC56,2065_P3,9. P3-WOF-Fr.jpg,1336,1054
2065-SC56,2065_P4,13. P4-WOF-Fr.jpg,1124,996
2069-6085-9,2069_P1,1. P1-WOF-Fr.jpg,2057,2136
2069-6085-9,2069_P2,5. P2-WOF-Fr.jpg,1611,1852
2069-6085-9,2069_P3,9. P3-WOF-Fr.jpg,2334,2376
2069-6085-9,2069_P4,13. P4-WOF-Fr.jpg,1274,1378
2073-SC328,2073_P1,1. P1-WOF-Fr.jpg,1757,1768
2073-SC328,2073_P2,5. P2-WOF-Fr.jpg,1864,1621
2073-SC328,2073_P3,9. P3-WOF-Fr.jpg,1832,1748
2073-SC328,2073_P4,13. P4-WOF-Fr.jpg,2084,2025
3029-KS19,3029_P1,1. P1-WOF-Fr.jpg,1013,1388
3029-KS19,3029_P2,5. P2-WOF-Fr.jpg,1118,1334
3029-KS19,3029_P3,9. P3-WOF-Fr.jpg,1001,798
3029-KS19,3029_P4,13. P4-WOF-Fr.jpg,758,1011
3033-P898012,3033_P2,5. P2-WOF-Fr.jpg,1001,1081
3033-P898012,3033_P4,13. P4-WOF-Fr.jpg,1064,1077
3037-RTx430,3037_P1,1. P1-WOF-Fr.jpg,1015,1298
3037-RTx430,3037_P2,5. P2-WOF-Fr.jpg,1392,1718
3037-RTx430,3037_P3,9. P3-WOF-Fr.jpg,852,1219
3037-RTx430,3037_P4,13. P4-WOF-Fr.jpg,1669,1579
3041-B4R_BTx406_Rio,3041_P1,1. P1-WOF-Fr.jpg,1753,1762
3041-B4R_BTx406_Rio,3041_P2,5. P2-WOF-Fr.jpg,1705,1851
3041-B4R_BTx406_Rio,3041_P3,9. P3-WOF-Fr.jpg,1408,1721
3041-B4R_BTx406_Rio,3041_P4,13. P4-WOF-Fr.jpg,2162,2090
3045-SC283,3045_P1,1. P1-WOF-Fr.jpg,633,796
3045-SC283,3045_P2,5. P2-WOF-Fr.jpg,1000,932
3045-SC283,3045_P3,9. P3-WOF-Fr.jpg,1010,922
3045-SC283,3045_P4,13. P4-WOF-Fr.jpg,486,870
3049-BTx2752,3049_P1,1. P1-WOF-Fr.jpg,2072,2387
3049-BTx2752,3049_P2,5. P2-WOF-Fr.jpg,1743,1802
3049-BTx2752,3049_P3,9. P3-WOF-Fr.jpg,2191,2420
3053-SC964,3053_P1,1. P1-WOF-Fr.jpg,1651,1810
3053-SC964,3053_P2,5. P2-WOF-Fr.jpg,813,861
3053-SC964,3053_P3,9. P3-WOF-Fr.jpg,1808,1949
3053-SC964,3053_P4,13. P4-WOF-Fr.jpg,1441,1865
3057-1790E_SC56_SC33,3057_P1,1. P1-WOF-Fr.jpg,494,703
3057-1790E_SC56_SC33,3057_P2,5. P2-WOF-Fr.jpg,567,1097
3057-1790E_SC56_SC33,3057_P3,9. P3-WOF-Fr.jpg,714,368
3057-1790E_SC56_SC33,3057_P4,13. P4-WOF-Fr.jpg,618,989
3061-RTx2536,3061_P1,1. P1-WOF-Fr.jpg,2725,2705
3061-RTx2536,3061_P2,5. P2-WOF-Fr.jpg,1917,1910
3061-RTx2536,3061_P3,9. P3-WOF-Fr.jpg,1948,2017
3061-RTx2536,3061_P4,13. P4-WOF-Fr.jpg,1909,1556
3065-RTx430,3065_P1,1. P1-WOF-Fr.jpg,699,847
3065-RTx430,3065_P2,5. P2-WOF-Fr.jpg,1090,1312
3065-RTx430,3065_P3,9. P3-WOF-Fr.jpg,1033,1492
3065-RTx430,3065_P4,13. P4-WOF-Fr.jpg,1650,1628
3069-BTx2752,3069_P1,1. P1-WOF-Fr.jpg,2776,2566
3069-BTx2752,3069_P2,5. P2-WOF-Fr.jpg,2991,2820
3069-BTx2752,3069_P3,9. P3-WOF-Fr.jpg,2920,3048
3069-BTx2752,3069_P4,13. P4-WOF-Fr.jpg,2935,2940
3073-BTx615,3073_P1,1. P1-WOF-Fr.jpg,2166,2083
3073-BTx615,3073_P2,5. P2-WOF-Fr.jpg,1700,1884
3073-BTx615,3073_P3,9. P3-WOF-Fr.jpg,1442,1570
3073-BTx615,3073_P4,13. P4-WOF-Fr.jpg,2020,2261
4029-2290-19_Stg3NIL,4029_P1,1. P1-WOF-Fr.jpg,943,964
4029-2290-19_Stg3NIL,4029_P2,5. P2-WOF-Fr.jpg,964,1060
4029-2290-19_Stg3NIL,4029_P3,9. P3-WOF-Fr.jpg,1154,1215
4029-2290-19_Stg3NIL,4029_P4,13. P4-WOF-Fr.jpg,1654,1438
4033-SC56,4033_P1,1. P1-WOF-Fr.jpg,1000,1220
4033-SC56,4033_P2,5. P2-WOF-Fr.jpg,711,957
4033-SC56,4033_P3,9. P3-WOF-Fr.jpg,598,804
4033-SC56,4033_P4,13. P4-WOF-Fr.jpg,652,802
4037-Macia,4037_P1,1. P1-WOF-Fr.jpg,2493,2191
4037-Macia,4037_P2,5. P2-WOF-Fr.jpg,1904,1873
4037-Macia,4037_P3,9. P3-WOF-Fr.jpg,2361,2294
4037-Macia,4037_P4,13. P4-WOF-Fr.jpg,2308,2153
4045-BTx615,4045_P1,1. P1-WOF-Fr.jpg,1495,1564
4045-BTx615,4045_P2,5. P2-WOF-Fr.jpg,1113,1342
4045-BTx615,4045_P3,9. P3-WOF-Fr.jpg,1715,2180
4045-BTx615,4045_P4,13. P4-WOF-Fr.jpg,915,1119
4049-B10001,4049_P1,1. P1-WOF-Fr.jpg,2023,2118
4049-B10001,4049_P2,5. P2-WOF-Fr.jpg,1842,1889
4049-B10001,4049_P3,9. P3-WOF-Fr.jpg,1932,1590
4049-B10001,4049_P4,13. P4-WOF-Fr.jpg,1592,1678
4053-SC35-14E,4053_P2,5. P2-WOF-Fr.jpg,197,460
4053-SC35-14E,4053_P3,9. P3-WOF-Fr.jpg,276,1023
4053-SC35-14E,4053_P4,13. P4-WOF-Fr.jpg,185,397
4057-SC326-6,4057_P1,1. P1-WOF-Fr.jpg,2688,2716
4057-SC326-6,4057_P2,5. P2-WOF-Fr.jpg,2732,2686
4057-SC326-6,4057_P3,9. P3-WOF-Fr.jpg,2409,2167
4057-SC326-6,4057_P4,13. P4-WOF-Fr.jpg,2493,2716
4061-KS19,4061_P1,1. P1-WOF-Fr.jpg,965,1282
4061-KS19,4061_P2,5. P2-WOF-Fr.jpg,1151,1455
4061-KS19,4061_P3,9. P3-WOF-Fr.jpg,1297,1235
4061-KS19,4061_P4,13. P4-WOF-Fr.jpg,995,1443
4065-M10P0052_BTx623,4065_P1,1. P1-WOF-Fr.jpg,1000,871
4065-M10P0052_BTx623,4065_P2,5. P2-WOF-Fr.jpg,1260,1510
4065-M10P0052_BTx623,4065_P3,9. P3-WOF-Fr.jpg,971,1583
4065-M10P0052_BTx623,4065_P4,13. P4-WOF-Fr.jpg,1153,1091
4069-Tx7000,4069_P1,1. P1-WOF-Fr.jpg,1643,1612
4069-Tx7000,4069_P2,5. P2-WOF-Fr.jpg,1976,2044
4069-Tx7000,4069_P3,9. P3-WOF-Fr.jpg,2013,1953
4069-Tx7000,4069_P4,13. P4-WOF-Fr.jpg,1470,1257
4073-BTx642_Tx7000,4073_P1,1. P1-WOF-Fr.jpg,1458,1579
4073-BTx642_Tx7000,4073_P2,5. P2-WOF-Fr.jpg,1269,1179
4073-BTx642_Tx7000,4073_P3,9. P3-WOF-Fr.jpg,1176,1412
4073-BTx642_Tx7000,4073_P4,13. P4-WOF-Fr.jpg,1373,1301
5029-RLBF1,5029_P1,1. P1-WOF-Fr.jpg,1394,1826
5029-RLBF1,5029_P2,5. P2-WOF-Fr.jpg,973,974
5029-RLBF1,5029_P3,9. P3-WOF-Fr.jpg,1364,1415
5029-RLBF1,5029_P4,13. P4-WOF-Fr.jpg,1721,1965
5033-SC1154-14E,5033_P1,1. P1-WOF-Fr.jpg,587,540
5033-SC1154-14E,5033_P2,5. P2-WOF-Fr.jpg,597,849
5033-SC1154-14E,5033_P3,9. P3-WOF-Fr.jpg,346,848
5033-SC1154-14E,5033_P4,13. P4-WOF-Fr.jpg,461,351
5037-Tx7000,5037_P1,1. P1-WOF-Fr.jpg,1559,1692
5037-Tx7000,5037_P2,5. P2-WOF-Fr.jpg,1707,1839
5037-Tx7000,5037_P3,9. P3-WOF-Fr.jpg,2394,2554
5037-Tx7000,5037_P4,13. P4-WOF-Fr.jpg,1717,1540
5041-BTx623,5041_P1,1. P1-WOF-Fr.jpg,1186,1053
5041-BTx623,5041_P2,5. P2-WOF-Fr.jpg,1275,1510
5041-BTx623,5041_P3,9. P3-WOF-Fr.jpg,2489,2539
5041-BTx623,5041_P4,13. P4-WOF-Fr.jpg,1261,1442
5045-6085-9,5045_P1,1. P1-WOF-Fr.jpg,1763,1906
5045-6085-9,5045_P2,5. P2-WOF-Fr.jpg,1070,1081
5045-6085-9,5045_P3,9. P3-WOF-Fr.jpg,1254,1432
5045-6085-9,5045_P4,13. P4-WOF-Fr.jpg,1734,1869
5049-96CD635,5049_P1,1. P1-WOF-Fr.jpg,1332,1306
5049-96CD635,5049_P2,5. P2-WOF-Fr.jpg,1798,2249
5049-96CD635,5049_P3,9. P3-WOF-Fr.jpg,945,1207
5049-96CD635,5049_P4,13. P4-WOF-Fr.jpg,1948,1754
5053-96CD635,5053_P1,1. P1-WOF-Fr.jpg,1604,1829
5053-96CD635,5053_P2,5. P2-WOF-Fr.jpg,2138,1967
5053-96CD635,5053_P3,9. P3-WOF-Fr.jpg,1482,1747
5053-96CD635,5053_P4,13. P4-WOF-Fr.jpg,2162,2426
5057-Tx2882,5057_P1,1. P1-WOF-Fr.jpg,971,965
5057-Tx2882,5057_P2,5. P2-WOF-Fr.jpg,855,1228
5057-Tx2882,5057_P3,9. P3-WOF-Fr.jpg,1094,1327
5057-Tx2882,5057_P4,13. P4-WOF-Fr.jpg,1093,1410
5061-BTx623,5061_P1,1. P1-WOF-Fr.jpg,1308,1821
5061-BTx623,5061_P2,5. P2-WOF-Fr.jpg,1173,1262
5061-BTx623,5061_P3,9. P3-WOF-Fr.jpg,1424,1380
5061-BTx623,5061_P4,13. P4-WOF-Fr.jpg,1259,1206
5069-RTx436,5069_P1,1. P1-WOF-Fr.jpg,2923,2695
5069-RTx436,5069_P2,5. P2-WOF-Fr.jpg,2466,2442
5069-RTx436,5069_P3,9. P3-WOF-Fr.jpg,2872,2887
5069-RTx436,5069_P4,13. P4-WOF-Fr.jpg,2674,2699
5073-B4R_BTx406_Rio,5073_P1,1. P1-WOF-Fr.jpg,2104,2307
5073-B4R_BTx406_Rio,5073_P2,5. P2-WOF-Fr.jpg,1614,1705
5073-B4R_BTx406_Rio,5073_P3,9. P3-WOF-Fr.jpg,1751,2123
5073-B4R_BTx406_Rio,5073_P4,13. P4-WOF-Fr.jpg,1536,1579
6029-SN72_PinkKafir,6029_P1,1. P1-WOF-Fr.jpg,1617,2264
6029-SN72_PinkKafir,6029_P2,5. P2-WOF-Fr.jpg,1648,1861
6029-SN72_PinkKafir,6029_P3,9. P3-WOF-Fr.jpg,1882,1764
6029-SN72_PinkKafir,6029_P4,13. P4-WOF-Fr.jpg,2631,2384
6033-SC328,6033_P1,1. P1-WOF-Fr.jpg,1051,1303
6033-SC328,6033_P2,5. P2-WOF-Fr.jpg,896,1021
6033-SC328,6033_P3,9. P3-WOF-Fr.jpg,581,934
6033-SC328,6033_P4,13. P4-WOF-Fr.jpg,1251,1478
6037-SC348,6037_P1,1. P1-WOF-Fr.jpg,1172,1296
6037-SC348,6037_P2,5. P2-WOF-Fr.jpg,1355,1299
6037-SC348,6037_P3,9. P3-WOF-Fr.jpg,980,830
6037-SC348,6037_P4,13. P4-WOF-Fr.jpg,984,1053
6041-RTx2536,6041_P1,1. P1-WOF-Fr.jpg,1198,1510
6041-RTx2536,6041_P2,5. P2-WOF-Fr.jpg,2033,2118
6041-RTx2536,6041_P3,9. P3-WOF-Fr.jpg,1836,1644
6041-RTx2536,6041_P4,13. P4-WOF-Fr.jpg,2698,2699
6045-BTx623_DW1,6045_P1,1. P1-WOF-Fr.jpg,961,1203
6045-BTx623_DW1,6045_P2,5. P2-WOF-Fr.jpg,875,867
6045-BTx623_DW1,6045_P3,9. P3-WOF-Fr.jpg,600,836
6045-BTx623_DW1,6045_P4,13. P4-WOF-Fr.jpg,439,674
6049-SC326-6,6049_P1,1. P1-WOF-Fr.jpg,2441,2201
6049-SC326-6,6049_P2,5. P2-WOF-Fr.jpg,2876,2894
6049-SC326-6,6049_P3,9. P3-WOF-Fr.jpg,2943,2995
6049-SC326-6,6049_P4,13. P4-WOF-Fr.jpg,3039,3187
6053-SC1154-14E,6053_P1,1. P1-WOF-Fr.jpg,256,716
6053-SC1154-14E,6053_P2,5. P2-WOF-Fr.jpg,445,384
6053-SC1154-14E,6053_P3,9. P3-WOF-Fr.jpg,406,440
6053-SC1154-14E,6053_P4,13. P4-WOF-Fr.jpg,553,869
6057-BTx642,6057_P1,1. P1-WOF-Fr.jpg,442,770
6057-BTx642,6057_P2,5. P2-WOF-Fr.jpg,526,845
6057-BTx642,6057_P3,9. P3-WOF-Fr.jpg,521,1526
6057-BTx642,6057_P4,13. P4-WOF-Fr.jpg,1055,1325
6061-R11018,6061_P1,1. P1-WOF-Fr.jpg,1220,1587
6061-R11018,6061_P2,5. P2-WOF-Fr.jpg,1441,1745
6061-R11018,6061_P3,9. P3-WOF-Fr.jpg,1480,1718
6061-R11018,6061_P4,13. P4-WOF-Fr.jpg,1016,1108
6065-RTx430BL,6065_P1,1. P1-WOF-Fr.jpg,1334,1611
6065-RTx430BL,6065_P2,5. P2-WOF-Fr.jpg,1208,1184
6065-RTx430BL,6065_P3,9. P3-WOF-Fr.jpg,1079,1180
6065-RTx430BL,6065_P4,13. P4-WOF-Fr.jpg,1117,1163
6069-R9188,6069_P1,1. P1-WOF-Fr.jpg,1180,1335
6069-R9188,6069_P2,5. P2-WOF-Fr.jpg,1514,2090
6069-R9188,6069_P3,9. P3-WOF-Fr.jpg,1431,1157
6069-R9188,6069_P4,13. P4-WOF-Fr.jpg,1914,2109
6073-B10001,6073_P1,1. P1-WOF-Fr.jpg,1455,1231
6073-B10001,6073_P2,5. P2-WOF-Fr.jpg,2126,2059
6073-B10001,6073_P3,9. P3-WOF-Fr.jpg,1785,2078
6073-B10001,6073_P4,13. P4-WOF-Fr.jpg,1886,1957
7029-SC964,7029_P1,1. P1-WOF-Fr.jpg,1155,1075
7029-SC964,7029_P2,5. P2-WOF-Fr.jpg,860,888
7029-SC964,7029_P3,9. P3-WOF-Fr.jpg,1354,1612
7029-SC964,7029_P4,13. P4-WOF-Fr.jpg,996,1005
7033-M10P0052_BTx623,7033_P1,1. P1-WOF-Fr.jpg,867,1086
7033-M10P0052_BTx623,7033_P2,5. P2-WOF-Fr.jpg,1344,1473
7033-M10P0052_BTx623,7033_P3,9. P3-WOF-Fr.jpg,1527,1492
7033-M10P0052_BTx623,7033_P4,13. P4-WOF-Fr.jpg,1480,2024
7037-Tx2882,7037_P1,1. P1-WOF-Fr.jpg,1733,1938
7037-Tx2882,7037_P2,5. P2-WOF-Fr.jpg,1519,1203
7037-Tx2882,7037_P3,9. P3-WOF-Fr.jpg,1541,1676
7037-Tx2882,7037_P4,13. P4-WOF-Fr.jpg,964,991
7041-BTx642,7041_P1,1. P1-WOF-Fr.jpg,65,506
7041-BTx642,7041_P2,5. P2-WOF-Fr.jpg,52,156
7041-BTx642,7041_P3,9. P3-WOF-Fr.jpg,122,358
7041-BTx642,7041_P4,13. P4-WOF-Fr.jpg,181,537
7045-BTx635_DW2,7045_P1,1. P1-WOF-Fr.jpg,1499,1779
7045-BTx635_DW2,7045_P2,5. P2-WOF-Fr.jpg,1431,1294
7045-BTx635_DW2,7045_P3,9. P3-WOF-Fr.jpg,1260,1321
7045-BTx635_DW2,7045_P4,13. P4-WOF-Fr.jpg,1882,1843
7049-1790E_SC56_SC33,7049_P1,1. P1-WOF-Fr.jpg,929,962
7049-1790E_SC56_SC33,7049_P2,5. P2-WOF-Fr.jpg,1006,1527
7049-1790E_SC56_SC33,7049_P3,9. P3-WOF-Fr.jpg,884,1139
7049-1790E_SC56_SC33,7049_P4,13. P4-WOF-Fr.jpg,901,812
7053-RLBK1,7053_P1,1. P1-WOF-Fr.jpg,1319,1630
7053-RLBK1,7053_P2,5. P2-WOF-Fr.jpg,564,1208
7053-RLBK1,7053_P3,9. P3-WOF-Fr.jpg,860,1247
7053-RLBK1,7053_P4,13. P4-WOF-Fr.jpg,1961,1698
7057-SC348,7057_P1,1. P1-WOF-Fr.jpg,1520,1520
7057-SC348,7057_P2,5. P2-WOF-Fr.jpg,1098,1506
7057-SC348,7057_P3,9. P3-WOF-Fr.jpg,671,722
7057-SC348,7057_P4,13. P4-WOF-Fr.jpg,1621,1800
7061-2219-3,7061_P1,1. P1-WOF-Fr.jpg,800,1141
7061-2219-3,7061_P2,5. P2-WOF-Fr.jpg,1723,1609
7061-2219-3,7061_P3,9. P3-WOF-Fr.jpg,1358,1464
7061-2219-3,7061_P4,13. P4-WOF-Fr.jpg,1743,1151
7065-SN72_PINK_KAFIR,7065_P1,1. P1-WOF-Fr.jpg,1815,1670
7065-SN72_PINK_KAFIR,7065_P2,5. P2-WOF-Fr.jpg,1775,1794
7065-SN72_PINK_KAFIR,7065_P3,9. P3-WOF-Fr.jpg,1101,992
7065-SN72_PINK_KAFIR,7065_P4,13. P4-WOF-Fr.jpg,1556,1987
7069-2290-19,7069_P1,1. P1-WOF-Fr.jpg,1976,1730
7069-2290-19,7069_P2,5. P2-WOF-Fr.jpg,1370,1396
7069-2290-19,7069_P3,9. P3-WOF-Fr.jpg,1165,1332
7069-2290-19,7069_P4,13. P4-WOF-Fr.jpg,1421,1828
7073-BTx635_DW2,7073_P1,1. P1-WOF-Fr.jpg,1765,1542
7073-BTx635_DW2,7073_P2,5. P2-WOF-Fr.jpg,1000,1398
7073-BTx635_DW2,7073_P3,9. P3-WOF-Fr.jpg,1905,1963
7073-BTx635_DW2,7073_P4,13. P4-WOF-Fr.jpg,1341,1259
