id,Plot,Pedigree,Range,Row,Pass,Rep,GT_Pan_Area_cm2,B_Box_Pan_Area_cm2,Lab_Pan_Area_cm2,Predict_Pan_Area_Pixel²,Mask_Pan_Area_cm2
2005-SC964,2005,SC964,2,6,2,1,132.386832,125.9587406,119.2849375,15499.42034,71.47738657
2009-RTx430BL,2009,RTx430BL,2,10,3,1,134.83844,136.637277,131.7440635,14985.0049,66.34928666
2013-Tx7000,2013,Tx7000,2,14,4,1,130.064256,199.7882965,217.8270038,15368.3383,91.67549736
2017-RLBK1,2017,RLBK1,2,18,5,1,65.80632,126.0720682,128.2536957,11945.51458,45.30321374
2021-SC326-6,2021,SC326-6,2,22,6,1,207.289908,230.295685,301.7182089,11716.55753,140.4815076
2025-RTx430,2025,RTx430,2,26,7,1,151.354536,179.2276516,181.8208809,18251.57201,104.9740089
3005-BTx635_DW2,3005,BTx635_DW2,3,6,2,1,117.41912,140.8402256,133.468674,17977.4202,88.37566343
3009-M10P0052_BTx623,3009,M10P0052_BTx623,3,10,3,1,139.548108,277.1074233,275.3819759,20702.52441,121.6524621
3013-SC56,3013,SC56,3,14,4,1,132.90296,141.3360468,188.2158458,18416.98966,78.70333945
3017-KS19,3017,KS19,3,18,5,1,179.483512,246.3854145,258.76105,8744.929114,133.0330187
3021-SC328,3021,SC328,3,22,6,1,228.38664,337.4359577,286.9208036,17019.36208,157.1172545
3025-2219-3_Stg2NIL,3025,2219-3_Stg2NIL,3,26,7,1,103.2256,134.0173497,128.8606854,14684.47607,88.65134604
4005-SN_72_PINK_KAFIR,4005,SN_72_PINK_KAFIR,4,6,2,1,160.386776,157.530646,129.3920159,14419.63822,66.48627726
4009-BTx615,4009,BTx615,4,10,3,1,129.032,167.4853841,182.1528913,12760.06849,87.39935477
4013-R11018,4013,R11018,4,14,4,1,149.03196,178.4796372,188.6526323,23291.54774,112.4775748
4017-BTx2752,4017,BTx2752,4,18,5,1,177.031904,200.4262618,188.4076,11492.1246,97.95376534
4021-6085-9_STG4NIL,4021,60859_STG4NIL,4,22,6,1,169.3545,169.3057351,144.3302626,15442.77349,96.73596336
5005-SC35_14E,5005,SC35_14E,5,6,2,1,96.386904,103.2130822,117.6831069,11701.99151,64.81675898
5009-R9188,5009,R9188,5,10,3,1,144.51584,138.2218717,155.357736,17102.13827,64.66870274
5013-RTx2536,5013,RTx2536,5,14,4,1,167.225472,164.0315731,167.2342963,17236.17137,104.7138407
5017BTx623_DW1,5017,BTx623_DW1,5,18,5,1,198.70928,295.1258363,286.9663171,18627.07326,117.6479396
5021-96CD635,5021,96CD635,5,22,6,1,153.290016,127.7244213,155.3711489,11901.27149,92.96338356
5025-BTx642_Tx7000NILStg1,5025,BTx642_Tx7000NILStg1,5,26,7,1,181.93512,195.019364,206.4743122,19712.73962,112.1489359
6005-BTx623,6005,BTx623,6,6,2,1,154.451304,167.8807791,173.4980964,16031.24769,96.21175279
6009-B10001,6009,B10001,6,10,3,1,201.28992,360.687409,427.9754626,21726.71176,116.8219471
6013-SC1154-14E,6013,SC1154-14E,6,14,4,1,152.838404,155.4166398,110.2121558,14161.00682,60.44620951
6017-P898012,6017,P898012,6,18,5,1,116.1288,132.0667032,138.5093009,15056.215,84.11671731
6021-B4R_BTx406_RIO,6021,B4R_BTx406_RIO,6,22,6,1,108.38688,124.3729708,125.1039665,11186.35349,65.63261336
6025-2290-19_Stg3NIL,6025,2290-19_Stg3NIL,6,26,7,1,173.419008,184.4946646,180.4574874,17207.60921,111.3382237
7005-SC328,7005,SC328,7,6,2,1,147.612608,139.4340496,135.8471355,15146.15584,80.74712821
7009-1790E_SC56_SC33,7009,1790E_SC56_SC33,7,10,3,1,163.22548,277.4935873,244.2853614,12949.67377,72.0526196
7013-Tx2882,7013,Tx2882,7,14,4,1,144.773904,222.7921736,206.1286247,20392.82356,89.06950447
7017BTx642,7017,BTx642,7,18,5,1,107.354624,116.7658406,110.1857611,13728.28235,65.44369496
7021-Macia,7021,Macia,7,22,6,1,179.612544,160.4710052,153.1032416,21354.75972,92.92306577
7025-SC283,7025,SC283,7,26,7,1,193.548,217.9798338,190.5359743,17183.50975,116.7813473
2029-RTx436,2029,RTx436,2,30,8,2,147.612608,185.8531689,210.1506893,20173.63378,115.2439451
2033-R11018,2033,R11018,2,34,9,2,85.548216,152.0716003,219.5641346,19163.37967,90.33886439
2037-2219-3_Stg2NIL,2037,2219-3_Stg2NIL,2,38,10,2,93.87078,195.6616222,167.2666186,22005.97442,87.70301565
2041-RTx430BL,2041,RTx430BL,2,42,11,2,165.289992,182.2919454,226.0247456,13962.9288,127.848178
2045-SC35-14E,2045,SC35-14E,2,46,12,2,84.644992,76.37451328,96.92590835,10524.02974,56.76590758
2049-BTx642_Tx7000,2049,BTx642_Tx7000,2,50,13,2,221.93504,222.7123481,220.7144435,18101.11825,123.4125845
3029-KS19,3029,KS19,3,30,8,2,139.096496,159.2056373,159.9845969,17973.09383,84.28639095
3033-P898012,3033,P898012,3,34,9,2,109.6772,138.7517189,136.5518199,14669.34749,70.86132227
3037-RTx430,3037,RTx430,3,38,10,2,135.4836,160.7362247,150.8542626,17581.0963,94.3901741
3041-B4R_BTx406_Rio,3041,B4R_BTx406_Rio,3,42,11,2,153.096468,222.4282762,199.333817,15179.88156,104.5711508
3045-SC283,3045,SC283,3,46,12,2,93.87078,308.47772,292.6412594,18224.84898,130.5674018
3049-BTx2752,3049,BTx2752,3,50,13,2,212.9028,218.5823807,203.903222,26789.67508,115.0175201
4029-2290-19_Stg3NIL,4029,2290-19_Stg3NIL,4,30,8,2,144.773904,156.551937,165.1594113,16972.3846,95.82547561
4033-SC56,4033,SC56,4,34,9,2,119.225568,151.8154291,171.6889996,13809.25901,61.47803101
4037-Macia,4037,Macia,4,38,10,2,141.9352,163.9561578,161.0123852,17711.18107,94.92224624
4045-BTx615,4045,BTx615,4,46,12,2,141.9352,155.5775105,138.9830598,17450.93173,89.30272169
4049-B10001,4049,B10001,4,50,13,2,212.9028,225.3218668,246.352166,15678.23683,118.2010101
5029-RLBF1,5029,RLBF1,5,30,8,2,195.096384,213.3200313,219.9761126,15225.98238,129.9971728
5033-SC1154-14E,5033,SC1154-14E,5,34,9,2,37.161216,88.34161166,78.20941171,9496.816378,34.55906763
5037-Tx7000,5037,Tx7000,5,38,10,2,154.8384,170.189946,173.7146918,19402.3217,107.3859997
5041-BTx623,5041,BTx623,5,42,11,2,148.3868,165.3216354,150.9696624,13443.6178,72.06526806
5045-6085-9,5045,6085-9,5,46,12,2,147.612608,136.5006968,141.5456692,12317.74413,96.41536238
5049-96CD635,5049,96CD635,5,50,13,2,121.93524,120.5630305,151.3849759,14142.28928,88.26672255
6029-SN72_PinkKafir,6029,SN72_PinkKafir,6,30,8,2,131.61264,185.6796249,179.3305973,16520.36105,91.81665185
6033-SC328,6033,SC328,6,34,9,2,100.257864,102.5758272,100.6437333,14268.54988,63.69637957
6037-SC348,6037,SC348,6,38,10,2,162.58032,200.4477876,181.7756982,18667.78999,94.36975235
6041-RTx2536,6041,RTx2536,6,42,11,2,196.45122,244.7559156,189.8886607,25645.82815,127.64021
6045-BTx623_DW1,6045,BTx623_DW1,6,46,12,2,150.451312,161.8414597,182.875794,12598.19074,72.66979538
6049-SC326-6,6049,SC326-6,6,50,13,2,205.80604,228.0939202,187.621671,19844.70385,111.8614508
7029-SC964,7029,SC964,7,30,8,2,144.51584,172.514324,139.1673991,16530.80557,74.81779733
7033-M10P0052_BTx623,7033,M10P0052_BTx623,7,34,9,2,110.32236,129.1057933,117.2320728,14171.83884,73.80376086
7037-Tx2882,7037,Tx2882,7,38,10,2,186.064144,231.9551813,201.4781469,16976.98489,116.8210567
7041-BTx642,7041,BTx642,7,42,11,2,122.5804,164.7550708,156.7630131,13741.86363,68.26311627
7045-BTx635_DW2,7045,BTx635_DW2,7,46,12,2,116.386864,126.1637298,136.710071,16662.39269,69.50636663
7049-1790E_SC56_SC33,7049,1790E_SC56_SC33,7,50,13,2,164.5158,215.726391,257.8205497,15206.33926,91.59165355
2053-BTx623,2053,BTx623,2,54,14,3,169.160952,195.0958341,251.258225,18070.18873,126.9458724
2057-Macia,2057,Macia,2,58,15,3,103.2256,106.5994689,121.5754687,14404.03717,68.49324414
2061-SC283,2061,SC283,2,62,16,3,53.54828,103.3934594,97.46891112,16701.23763,41.45224755
2065-SC56,2065,SC56,2,66,17,3,105.290112,131.4966224,157.3994335,15228.59785,81.39503582
2069-6085-9,2069,6085-9_Stg4 NIL,2,70,18,3,134.19328,168.2629568,201.9090166,17616.92336,114.862213
2073-SC328,2073,SC328,2,74,19,3,154.8384,169.4001633,158.8164693,8906.142095,106.2822068
3053-SC964,3053,SC964,3,54,14,3,132.838444,132.7332613,101.1823422,11111.08349,55.64003206
3057-1790E_SC56_SC33,3057,1790E_SC56_SC33,3,58,15,3,82.2579,95.33881832,91.86771381,10467.10332,48.84406671
3061-RTx2536,3061,RTx2536,3,62,16,3,140.96746,229.2384517,227.724928,22530.29077,107.7407443
3065-RTx430,3065,RTx430,3,66,17,3,98.128836,180.1781186,169.7146927,18069.57497,87.41034364
3069-BTx2752,3069,BTx2752,3,70,18,3,164.5158,241.903036,200.7160194,15125.2343,123.7013751
3073-BTx615,3073,BTx615,3,74,19,3,104.51592,161.761468,151.3861777,21088.26507,94.41026724
4053-SC35-14E,4053,SC35-14E,4,54,14,3,76.386944,69.2350192,86.21760188,10871.57924,46.39397401
4057-SC326-6,4057,SC326-6,4,58,15,3,198.322184,347.4560013,398.2996234,16045.22943,162.1615957
4061-KS19,4061,KS19,4,62,16,3,120.64492,269.8960911,255.0234519,16032.06561,102.4468025
4065-M10P0052_BTx623,4065,M10P0052_BTx623,4,66,17,3,134.709408,180.5695626,173.7698355,18775.5664,88.90170448
4069-Tx7000,4069,Tx7000,4,70,18,3,181.160928,184.4303244,188.3012801,18597.71404,114.1032871
4073-BTx642_Tx7000,4073,BTx642_Tx7000,4,74,19,3,193.289936,206.6140033,199.9456557,16745.16352,122.9793099
5053-96CD635,5053,96CD635,5,54,14,3,161.031936,159.6601293,159.1113592,16090.51544,94.95096922
5057-Tx2882,5057,Tx2882,5,58,15,3,135.031988,122.9324362,115.7883382,13629.43925,61.65741108
5061-BTx623,5061,BTx623,5,62,16,3,181.160928,250.8560883,247.2937036,20663.44993,94.24692974
5065-P898012,5065,P898012,5,66,17,3,106.838496,168.0124277,151.4461486,16787.43135,62.23020887
5069-RTx436,5069,RTx436,5,70,18,3,186.064144,178.4669358,184.9006884,18058.9214,102.5160784
5073-B4R_BTx406_Rio,5073,B4R_BTx406_Rio,5,74,19,3,181.160928,287.6978373,310.2711424,27232.19712,100.354126
6053-SC1154-14E,6053,SC1154-14E,6,54,14,3,43.87088,64.76612625,44.27660725,8699.856288,23.38957888
6057-BTx642,6057,BTx642,6,58,15,3,116.45138,128.0162442,148.2788131,13973.51793,81.00432167
6061-R11018,6061,R11018,6,62,16,3,110.32236,137.9869552,391.287803,13110.93921,80.52387121
6065-RTx430BL,6065,RTx430BL,6,66,17,3,205.547976,234.9626645,369.3623926,20629.14133,126.9763431
6069-R9188,6069,R9188,6,70,18,3,146.322288,133.3568422,149.7152515,12576.11464,74.14594029
6073-B10001,6073,B10001,6,74,19,3,152.25776,272.522467,407.8784241,19766.30836,89.19243038
7053-RLBK1,7053,RLBK1,7,54,14,3,183.999632,185.7063984,189.8282027,15088.10498,99.20192926
7057-SC348,7057,SC348,7,58,15,3,234.19308,329.5954535,290.6699994,14443.86043,132.9687182
7061-2219-3,7061,2219-3,7,62,16,3,157.290008,143.5088975,138.6941633,21268.46541,79.01664304
7065-SN72_PINK_KAFIR,7065,SN72_PINK_KAFIR,7,66,17,3,243.22532,421.5990815,418.2123154,21307.71462,132.8103394
7069-2290-19,7069,2290-19,7,70,18,3,231.225344,245.0895254,227.8748137,14740.30994,141.3665471
7073-BTx635_DW2,7073,BTx635_DW2,7,74,19,3,158.967424,161.7940225,158.1246113,17239.53854,100.0375114
